SEZ2011,COMUNE,gruppo,gap_score,rank,categoria,livello_confidenza,nome,lat,lon,punteggio_traffico,distanza_segmento_top_m,congestione_segmento_top,n_letture_segmento_top
151660000118,Paderno Dugnano,critica,0.5832176550545876,1,food_drink,3,Lady Pizza,45.5621489,9.1617618,0.1549,54.1,0.189,6
151660000118,Paderno Dugnano,critica,0.5832176550545876,2,food_drink,3,I Love Cofeé,45.563328,9.1609236,0.0631,199.9,0.189,6
151660000290,Paderno Dugnano,critica,0.48491083874207447,1,parking,2,,45.5681508,9.1862233,0.4206,100.6,0.633,12
151660000063,Paderno Dugnano,critica,0.5168986485121513,1,parking,2,,45.5761131,9.1639353,0.1853,103.6,0.283,145
151660000076,Paderno Dugnano,critica,0.48013748639998616,1,parking,2,,45.5697536,9.1578979,0.4083,106.5,0.633,28
151890000099,Rozzano,critica,0.4823308042838962,1,parking,2,,45.3784701,9.1774082,0.4505,12.5,0.47,49
151950000109,San Giuliano Milanese,critica,0.44503429945138195,1,parking,2,,45.3884514,9.3075079,0.2341,32.0,0.262,130
150410000028,Busto Garolfo,critica,0.5900948609984791,1,parking,2,,45.5425781,8.8800399,0.4764,50.1,0.572,38
150410000016,Busto Garolfo,critica,0.6289858502137042,1,supermarket,1,Unes,45.5518578,8.8889777,0.4897,42.3,0.57,56
150410000016,Busto Garolfo,critica,0.6289858502137042,2,parking,2,,45.552532,8.8901759,0.2923,146.1,0.57,56
150410000004,Busto Garolfo,critica,0.6644714248197006,1,parking,2,,45.5481626,8.8858211,0.1957,12.2,0.204,22
150410000004,Busto Garolfo,critica,0.6644714248197006,2,food_drink,3,Caffè del Corso,45.5459709,8.8850623,0.1193,182.3,0.304,6
151460002565,Milano,critica,0.5387741084595694,1,food_drink,3,Levante,45.434449,9.2237501,0.0346,280.0,0.519,25
150700000004,Cernusco sul Naviglio,critica,0.6318775666869645,1,parking,2,,45.5262348,9.3264909,0.079,183.2,0.203,19
151590000013,Opera,critica,0.7339534266263019,1,parking,2,,45.3950476,9.2128346,0.6559,57.4,0.811,15
151590000022,Opera,critica,0.730949158314262,1,parking,2,,45.3937867,9.2103342,0.1426,82.9,0.197,9
151590000022,Opera,critica,0.730949158314262,2,food_drink,3,Dejavu,45.3946729,9.2116735,0.1267,107.1,0.197,9
150700000009,Cernusco sul Naviglio,critica,0.5797978107224385,1,food_drink,3,O Sole Mio,45.5232473,9.3305039,0.4109,46.4,0.486,8
150700000009,Cernusco sul Naviglio,critica,0.5797978107224385,2,office,2,beatdata,45.5231992,9.33466,0.1785,130.5,0.316,22
150260000008,Boffalora sopra Ticino,critica,0.5197615055395706,1,food_drink,3,Bar Dogana,45.4599935,8.8458593,0.6724,59.3,0.838,6
150960000009,Cuggiono,critica,0.47259651320175355,1,parking,2,,45.5072952,8.8090472,0.1969,103.1,0.3,37
150960000001,Cuggiono,critica,0.42998987033450975,1,food_drink,3,,45.5049883,8.8160543,0.4832,49.6,0.579,6
150960000001,Cuggiono,critica,0.42998987033450975,2,parking,2,,45.5046985,8.8140392,0.3352,126.3,0.579,6
150960000001,Cuggiono,critica,0.42998987033450975,3,parking,2,,45.5041641,8.8122514,0.0691,213.3,0.239,16
150990000004,Dairago,critica,0.7676872328697544,1,parking,2,,45.5656922,8.8642979,0.5642,67.2,0.727,19
150990000004,Dairago,critica,0.7676872328697544,2,parking,2,,45.5639387,8.8622071,0.1538,143.6,0.295,12
150990000006,Dairago,critica,0.7709685518618672,1,fuel,1,,45.5741766,8.862038,0.587,35.2,0.665,35
150990000006,Dairago,critica,0.7709685518618672,2,parking,2,,45.5708951,8.8638331,0.4667,13.1,0.488,16
150990000005,Dairago,critica,0.7542589327199739,1,parking,2,,45.5691078,8.8585194,0.0778,228.4,0.326,8
150960000006,Cuggiono,critica,0.43384260635427274,1,fuel,1,Eni,45.505317,8.81979,0.0716,222.4,0.277,7
152430000088,Vittuone,critica,0.5163705206532624,1,parking,2,,45.4833747,8.954194,0.5234,20.6,0.562,16
151440000003,Mesero,critica,0.43625814197115786,1,supermarket,1,PENNY,45.4976183,8.8586222,0.43,77.9,0.581,13
151440000003,Mesero,critica,0.43625814197115786,2,fuel,1,Eni,45.49912,8.8585,0.3513,118.6,0.581,13
150720000018,Cerro Maggiore,critica,0.6689734983708844,1,parking,2,Piazza Don Carlo Bianchi,45.5784333,8.9798445,0.4015,17.2,0.426,32
150720000018,Cerro Maggiore,critica,0.6689734983708844,2,food_drink,3,Da Zio Mario,45.5800717,8.9781968,0.3622,28.3,0.4,124
150720000018,Cerro Maggiore,critica,0.6689734983708844,3,parking,2,,45.5786808,8.9825911,0.3053,113.1,0.49,129
150700000013,Cernusco sul Naviglio,critica,0.6688494027537684,1,parking,2,,45.5245979,9.3255867,0.1809,106.1,0.28,18
150700000013,Cernusco sul Naviglio,critica,0.6688494027537684,2,food_drink,3,Voglia di Pizza,45.5254362,9.3262848,0.134,156.5,0.28,18
150700000013,Cernusco sul Naviglio,critica,0.6688494027537684,3,parking,2,,45.5238281,9.3244391,0.1127,179.2,0.28,18
150700000014,Cernusco sul Naviglio,critica,0.5736911519824996,1,parking,2,,45.5261129,9.3185809,0.3963,64.1,0.504,37
150700000014,Cernusco sul Naviglio,critica,0.5736911519824996,2,parking,2,,45.525286,9.3120524,0.3873,123.2,0.657,24
150700000014,Cernusco sul Naviglio,critica,0.5736911519824996,3,parking,2,,45.5259031,9.3202116,0.2289,163.7,0.504,37
150700000015,Cernusco sul Naviglio,critica,0.5089666298227742,1,parking,2,,45.5270248,9.321163,0.0545,227.7,0.226,64
150700000064,Cernusco sul Naviglio,critica,0.6247896867884344,1,fitness,3,Centro Yoga Integrale,45.5311024,9.3291759,0.1933,110.5,0.306,15
150700000064,Cernusco sul Naviglio,critica,0.6247896867884344,2,parking,2,,45.5312691,9.330612,0.1895,114.2,0.306,15
150700000064,Cernusco sul Naviglio,critica,0.6247896867884344,3,parking,2,,45.5293954,9.3313013,0.1614,141.8,0.306,15
150700000006,Cernusco sul Naviglio,critica,0.5394003584343174,1,food_drink,3,Osteria di Perbacco,45.5267731,9.3337962,0.2765,15.9,0.292,11
150700000006,Cernusco sul Naviglio,critica,0.5394003584343174,2,food_drink,3,Maxi Bar,45.5261509,9.3321238,0.1886,106.2,0.292,124
150700000006,Cernusco sul Naviglio,critica,0.5394003584343174,3,parking,2,Marconi,45.5252648,9.3341044,0.1337,162.6,0.292,11
150700000060,Cernusco sul Naviglio,critica,0.43931147134112725,1,parking,2,,45.5297701,9.3473551,0.3727,117.0,0.611,170
150700000060,Cernusco sul Naviglio,critica,0.43931147134112725,2,parking,2,,45.5310872,9.3472135,0.2033,200.2,0.611,170
150700000060,Cernusco sul Naviglio,critica,0.43931147134112725,3,parking,2,,45.5293259,9.345573,0.083,259.2,0.611,170
150700000003,Cernusco sul Naviglio,critica,0.69710280023203,1,office,2,Allianz,45.5252625,9.3278727,0.1801,107.0,0.28,14
150700000003,Cernusco sul Naviglio,critica,0.69710280023203,2,office,2,Argos,45.5231646,9.3269337,0.1203,171.1,0.28,14
150700000003,Cernusco sul Naviglio,critica,0.69710280023203,3,food_drink,3,Gadda Torrefazione,45.5238916,9.3289455,0.1,192.9,0.28,14
150700000007,Cernusco sul Naviglio,critica,0.6182703379729703,1,food_drink,3,La Bottega del Risorgimento,45.5277589,9.3365575,0.6181,62.6,0.781,76
150700000008,Cernusco sul Naviglio,critica,0.6703500939374962,1,parking,2,,45.5238344,9.3368285,0.1344,58.6,0.167,11
150700000008,Cernusco sul Naviglio,critica,0.6703500939374962,2,parking,2,,45.5234684,9.3354956,0.0972,125.3,0.167,11
150700000008,Cernusco sul Naviglio,critica,0.6703500939374962,3,fitness,3,Palestra,45.5241586,9.3340183,0.0242,256.5,0.167,11
150700000034,Cernusco sul Naviglio,critica,0.6269628030602556,1,parking,2,,45.5273989,9.345884,0.3395,141.6,0.643,13
150700000034,Cernusco sul Naviglio,critica,0.6269628030602556,2,parking,2,,45.5266297,9.3485436,0.3045,150.5,0.611,66
150700000034,Cernusco sul Naviglio,critica,0.6269628030602556,3,parking,2,,45.5264091,9.34566,0.1766,217.6,0.643,13
150700000017,Cernusco sul Naviglio,critica,0.6205646639173235,1,parking,2,,45.5284505,9.3320573,0.1597,143.4,0.306,7
150700000017,Cernusco sul Naviglio,critica,0.6205646639173235,2,food_drink,3,Pizzeria Toto,45.5274463,9.3281602,0.0702,231.2,0.306,7
150700000017,Cernusco sul Naviglio,critica,0.6205646639173235,3,office,2,UIL,45.5287343,9.3268078,0.0258,274.7,0.306,7
150700000023,Cernusco sul Naviglio,critica,0.4429015864037379,1,food_drink,3,Ristorante Pizzeria Da Stefano,45.5286196,9.3381925,0.4644,77.8,0.627,7
150700000023,Cernusco sul Naviglio,critica,0.4429015864037379,2,parking,2,,45.5302702,9.3383274,0.4228,97.7,0.627,6
150700000023,Cernusco sul Naviglio,critica,0.4429015864037379,3,parking,2,,45.5306971,9.3396366,0.1922,208.0,0.627,6
150990000003,Dairago,critica,0.6762547365565486,1,food_drink,3,Cielo e vino,45.5662141,8.8698207,0.0967,260.1,0.727,23
150410000018,Busto Garolfo,critica,0.43819605375937565,1,fuel,1,Esso,45.5531885,8.8866296,0.233,44.9,0.274,9
150990000002,Dairago,critica,0.6942688026504515,1,parking,2,Piazza Andrea Calloni,45.5692954,8.8650268,0.4246,40.0,0.49,25
150990000002,Dairago,critica,0.6942688026504515,2,parking,2,,45.5667823,8.8660046,0.3729,61.0,0.468,28
150410000005,Busto Garolfo,critica,0.6032778558586118,1,parking,2,,45.5484095,8.8804553,0.2468,178.0,0.607,25
150410000014,Busto Garolfo,critica,0.648284161647528,1,parking,2,,45.5503035,8.8944424,0.0035,298.4,0.66,26
150410000002,Busto Garolfo,critica,0.5520177081559681,1,office,2,"PD Busto Garolfo ""Piero Gobetti""",45.5444801,8.8828522,0.506,38.7,0.581,6
150410000001,Busto Garolfo,critica,0.5804442623092751,1,food_drink,3,Mio Caffè,45.5459961,8.8830864,0.4638,70.8,0.607,25
150410000003,Busto Garolfo,critica,0.5964699125847386,1,parking,2,,45.5450256,8.8871157,0.1448,185.3,0.379,124
151460004441,Milano,critica,0.5976820093100572,1,parking,2,,45.4766801,9.0867894,0.2847,124.6,0.487,36
151460004441,Milano,critica,0.5976820093100572,2,parking,2,,45.477436,9.0878992,0.2136,100.4,0.321,5
150720000020,Cerro Maggiore,critica,0.619358339081173,1,parking,2,,45.5751751,8.9757458,0.0941,62.8,0.119,8
150720000020,Cerro Maggiore,critica,0.619358339081173,2,parking,2,,45.5764942,8.977146,0.0678,129.1,0.119,8
150720000020,Cerro Maggiore,critica,0.619358339081173,3,parking,2,,45.5772571,8.9783834,0.0168,257.5,0.119,8
152290000019,Vanzago,critica,0.4446071796529363,1,parking,2,,45.5256538,8.9839742,0.1921,182.6,0.491,6
152290000019,Vanzago,critica,0.4446071796529363,2,parking,2,,45.522517,8.986557,0.0361,278.0,0.491,6
151810000019,Rescaldina,critica,0.5391579390892536,1,parking,2,,45.6246106,8.9467612,0.1398,154.4,0.288,16
151810000019,Rescaldina,critica,0.5391579390892536,2,parking,2,,45.6235509,8.9446487,0.1037,192.0,0.288,16
151810000019,Rescaldina,critica,0.5391579390892536,3,parking,2,,45.6235993,8.9476703,0.0215,277.6,0.288,16
150120000001,Bareggio,critica,0.6050469398886602,1,food_drink,3,Taj Mahal,45.4762096,8.9946605,0.0356,272.4,0.387,10
151460004433,Milano,critica,0.5330426225155624,1,parking,2,,45.4795439,9.0892046,0.403,9.4,0.416,7
151810000010,Rescaldina,critica,0.5168048553131683,1,food_drink,3,Ristorante Garibaldi,45.6218662,8.9440737,0.4857,62.3,0.613,8
150720000013,Cerro Maggiore,critica,0.5309531986366798,1,parking,2,,45.5914982,8.9515343,0.8426,47.2,1.0,22
150720000012,Cerro Maggiore,critica,0.591407965784241,1,parking,2,,45.5895663,8.9466944,0.456,34.4,0.515,20
150720000016,Cerro Maggiore,critica,0.6125244223060429,1,parking,2,,45.5928648,8.9587236,0.1581,222.4,0.611,15
150720000016,Cerro Maggiore,critica,0.6125244223060429,2,parking,2,,45.5933862,8.9558244,0.121,218.6,0.446,124
151750000070,Pioltello,critica,0.45110776982860373,1,parking,2,,45.4868616,9.3224564,0.0869,173.5,0.206,27
150720000005,Cerro Maggiore,critica,0.4836381371804899,1,parking,2,,45.5940758,8.9572301,0.1179,125.8,0.203,14
151460004434,Milano,critica,0.573416987247011,1,parking,2,,45.4774637,9.0908371,0.1778,125.1,0.305,18
152130000012,Solaro,critica,0.44536185416167634,1,parking,2,,45.6107575,9.0979145,0.2155,170.7,0.5,8
152130000012,Solaro,critica,0.44536185416167634,2,office,2,SVE,45.6077195,9.0930953,0.2012,38.7,0.231,14
152130000012,Solaro,critica,0.44536185416167634,3,office,2,Imeci,45.610709,9.0941602,0.1828,80.6,0.25,57
152130000011,Solaro,critica,0.5562715904729199,1,food_drink,3,Kristal bar & room,45.6128306,9.0927443,0.4265,71.5,0.56,161
152130000011,Solaro,critica,0.5562715904729199,2,fuel,1,Eni,45.618761,9.092202,0.1236,237.3,0.591,26
151650000003,Ozzero,critica,0.4835861901779762,1,food_drink,3,Chicken House,45.3572731,8.9088289,0.7103,15.1,0.748,32
150220000002,Besate,critica,0.8457837792598706,1,parking,2,,45.3145405,8.971961,0.4877,51.6,0.589,6
150220000002,Besate,critica,0.8457837792598706,2,parking,2,,45.3135058,8.9705726,0.3111,141.5,0.589,6
150220000002,Besate,critica,0.8457837792598706,3,parking,2,,45.3130716,8.9693743,0.1038,247.1,0.589,6
151890000215,Rozzano,critica,0.5643060601950322,1,parking,2,,45.3789598,9.1825563,0.33,143.6,0.633,8
151840000010,Robecco sul Naviglio,critica,0.6267001821031033,1,food_drink,3,El Guascoro,45.4398114,8.8875495,0.3475,31.4,0.388,16
151030000091,Gaggiano,critica,0.521371862617494,1,parking,2,,45.3777333,9.0271767,0.2868,135.8,0.524,18
152200000021,Trezzano sul Naviglio,critica,0.6390635687013538,1,fuel,1,Q8,45.4181478,9.0519364,0.1469,45.3,0.173,24
152200000021,Trezzano sul Naviglio,critica,0.6390635687013538,2,parking,2,,45.4178267,9.0533077,0.0903,143.4,0.173,24
152200000021,Trezzano sul Naviglio,critica,0.6390635687013538,3,parking,2,,45.4169297,9.053128,0.0532,207.7,0.173,24
151460004976,Milano,critica,0.5449760033707832,1,parking,2,,45.4858713,9.1187864,0.3539,96.6,0.522,141
151460004976,Milano,critica,0.5449760033707832,2,parking,2,,45.4860869,9.1242779,0.0492,248.4,0.286,14
151460004975,Milano,critica,0.5166533432225034,1,parking,2,,45.4876263,9.1186429,0.0773,74.8,0.103,8
151650000001,Ozzero,critica,0.6776659634581697,1,food_drink,3,Dei Cacciatori,45.3655059,8.9237215,0.167,82.1,0.23,6
151840000004,Robecco sul Naviglio,critica,0.7107590900039538,1,office,2,Tecnocasa,45.4366202,8.8869566,0.5808,12.5,0.606,20
151840000004,Robecco sul Naviglio,critica,0.7107590900039538,2,parking,2,,45.4377067,8.887418,0.4445,80.0,0.606,41
151840000004,Robecco sul Naviglio,critica,0.7107590900039538,3,food_drink,3,Lucrezia,45.4375621,8.8890711,0.2361,183.1,0.606,124
150970000002,Cusago,critica,0.5957686280508041,1,parking,2,,45.4579143,9.042594,0.2796,115.7,0.455,14
150970000002,Cusago,critica,0.5957686280508041,2,parking,2,,45.4588356,9.0435633,0.2506,134.8,0.455,14
152350000001,Vermezzo,critica,0.4326680269085472,1,parking,2,,45.3964714,8.9791795,0.1629,108.3,0.255,124
152350000001,Vermezzo,critica,0.4326680269085472,2,parking,2,,45.3952276,8.9804321,0.1529,120.2,0.255,124
152350000001,Vermezzo,critica,0.4326680269085472,3,parking,2,,45.3975535,8.9806272,0.0321,262.2,0.255,124
151030000137,Gaggiano,critica,0.43576897436415424,1,parking,2,,45.4067291,9.0295508,0.3216,53.9,0.392,13
151030000137,Gaggiano,critica,0.43576897436415424,2,fitness,3,Centro Sportivo Don Giovanni Zoia,45.407663,9.0289944,0.1746,166.4,0.392,13
151840000015,Robecco sul Naviglio,critica,0.6649591494544121,1,food_drink,3,Sharm El Sheik,45.4417986,8.8874701,0.3008,30.6,0.335,7
151840000015,Robecco sul Naviglio,critica,0.6649591494544121,2,parking,2,,45.4423291,8.8856527,0.1802,138.6,0.335,7
151840000003,Robecco sul Naviglio,critica,0.7196016242096119,1,food_drink,3,La Casa della Pizza,45.4354864,8.8876274,0.484,52.2,0.586,27
151840000003,Robecco sul Naviglio,critica,0.7196016242096119,2,parking,2,,45.4342436,8.8868762,0.2999,133.4,0.54,13
151840000003,Robecco sul Naviglio,critica,0.7196016242096119,3,parking,2,,45.4345134,8.8846805,0.281,143.9,0.54,13
151660000257,Paderno Dugnano,critica,0.43560158957827694,1,parking,2,,45.5719686,9.1390527,0.3415,19.3,0.365,143
151660000257,Paderno Dugnano,critica,0.43560158957827694,2,food_drink,3,Pizzeria Napoli è...,45.5728989,9.1399885,0.2224,117.2,0.365,143
152500000026,Baranzate,critica,0.4444599964791476,1,fuel,1,Esso,45.5278602,9.1118762,0.523,25.2,0.571,47
152500000026,Baranzate,critica,0.4444599964791476,2,parking,2,,45.5278918,9.1134251,0.3103,136.9,0.571,47
152500000026,Baranzate,critica,0.4444599964791476,3,parking,2,,45.5268054,9.1130699,0.2974,143.8,0.571,47
150090000018,Arese,critica,0.44146150005627594,1,parking,2,,45.5598832,9.0751891,0.5577,29.7,0.619,12
150090000018,Arese,critica,0.44146150005627594,2,parking,2,,45.5591437,9.0740983,0.3551,127.9,0.619,6
150090000018,Arese,critica,0.44146150005627594,3,parking,2,,45.5594851,9.0726654,0.2261,190.4,0.619,6
151460004981,Milano,critica,0.5744934445768772,1,fitness,3,Piccolo Stadio di San Siro,45.4868742,9.129608,0.6351,57.3,0.785,106
151460004981,Milano,critica,0.5744934445768772,2,parking,2,,45.4861403,9.128552,0.3394,170.3,0.785,106
151460004981,Milano,critica,0.5744934445768772,3,food_drink,3,Antica Trattoria Lampugnano,45.4868109,9.1275471,0.2809,192.6,0.785,106
151460004977,Milano,critica,0.4513011281157379,1,parking,2,,45.4872022,9.1255686,0.322,92.2,0.465,12
151460004977,Milano,critica,0.4513011281157379,2,parking,2,,45.4881132,9.1249031,0.1823,182.4,0.465,12
151460003114,Milano,critica,0.4996262701763601,1,parking,2,,45.41299,9.1656711,0.0814,263.2,0.663,7
151840000006,Robecco sul Naviglio,critica,0.7230185825971769,1,parking,2,,45.4363149,8.8834767,0.2357,71.9,0.31,12
151400000039,Melegnano,critica,0.5606322527394829,1,parking,2,,45.3520537,9.3290116,0.4721,54.1,0.576,59
151400000039,Melegnano,critica,0.5606322527394829,2,parking,2,,45.351168,9.3296712,0.4473,67.0,0.576,59
151400000039,Melegnano,critica,0.5606322527394829,3,fitness,3,,45.3509333,9.331388,0.1855,203.4,0.576,59
150090000101,Arese,critica,0.4941429754665851,1,parking,2,,45.5433074,9.0808859,0.2153,49.6,0.258,11
150090000101,Arese,critica,0.4941429754665851,2,parking,2,,45.5421111,9.0813503,0.0969,187.3,0.258,11
150090000101,Arese,critica,0.4941429754665851,3,parking,2,,45.5420042,9.0828415,0.0383,255.4,0.258,11
152500000034,Baranzate,critica,0.44345857370846764,1,parking,2,,45.526842,9.1146705,0.3565,161.3,0.771,69
152500000034,Baranzate,critica,0.44345857370846764,2,parking,2,,45.5252933,9.1150619,0.321,175.1,0.771,69
152500000034,Baranzate,critica,0.44345857370846764,3,food_drink,3,La Vecchia Salumeria,45.5272825,9.1117184,0.3107,179.1,0.771,69
152060000005,Senago,critica,0.5232159812067289,1,parking,2,,45.5754469,9.1156719,0.3975,92.6,0.575,48
152060000005,Senago,critica,0.5232159812067289,2,fitness,3,Tennis Senago,45.5766329,9.1162577,0.2677,160.3,0.575,48
152060000005,Senago,critica,0.5232159812067289,3,parking,2,,45.5747229,9.1177883,0.2554,84.2,0.355,90
150860000035,Cormano,critica,0.48766402987529833,1,food_drink,3,Antigua Cafè Gelateria,45.5488046,9.1581083,0.2307,11.7,0.24,20
150860000035,Cormano,critica,0.48766402987529833,2,parking,2,,45.5489477,9.1596578,0.1415,123.2,0.24,20
150860000046,Cormano,critica,0.4311052879162614,1,food_drink,3,Turkish Cormano,45.5477495,9.1562879,0.509,44.2,0.597,10
150860000036,Cormano,critica,0.4562534090220399,1,supermarket,1,Lidl,45.5511647,9.1555228,0.5309,99.4,0.794,8
150860000036,Cormano,critica,0.4562534090220399,2,parking,2,,45.5509216,9.15843,0.4455,131.7,0.794,8
150860000027,Cormano,critica,0.514035791484732,1,food_drink,3,La Pergola 2,45.5466677,9.1563948,0.3307,76.0,0.443,10
150860000027,Cormano,critica,0.514035791484732,2,food_drink,3,Bella Vita Drink Bar,45.5463904,9.1602394,0.1551,49.8,0.186,15
150860000027,Cormano,critica,0.514035791484732,3,food_drink,3,Pizzeria da Totò,45.5475124,9.1588289,0.1526,196.7,0.443,10
150860000037,Cormano,critica,0.5559108473999083,1,food_drink,3,Coffee & Cigarettes,45.5486188,9.1558799,0.5542,43.0,0.647,26
150860000037,Cormano,critica,0.5559108473999083,2,parking,2,,45.5495772,9.1566864,0.3821,122.8,0.647,26
150860000038,Cormano,critica,0.6215603147988352,1,parking,2,,45.5484819,9.1518936,0.3911,41.6,0.454,25
150860000038,Cormano,critica,0.6215603147988352,2,food_drink,3,Mipapi bar trattoria,45.5496072,9.1552279,0.306,25.2,0.334,7
151660000203,Paderno Dugnano,critica,0.5786174593875448,1,food_drink,3,Asia Fusion Sushi,45.5714916,9.1481766,0.7702,39.2,0.886,29
151660000026,Paderno Dugnano,critica,0.46874666312657465,1,parking,2,,45.5672024,9.1697039,0.0581,227.4,0.24,5
152110000083,Settimo Milanese,critica,0.4379579633311881,1,parking,2,,45.4780581,9.0570955,0.5373,87.6,0.759,70
152110000083,Settimo Milanese,critica,0.4379579633311881,2,parking,2,,45.4798336,9.0595617,0.0909,239.9,0.454,10
152110000109,Settimo Milanese,critica,0.43327840418808283,1,food_drink,3,Pizza e Mozzarella,45.4730304,9.0627667,0.0887,155.4,0.184,11
151460004980,Milano,critica,0.4971501297232091,1,parking,2,,45.4862655,9.1297764,0.4202,50.4,0.505,113
151460004980,Milano,critica,0.4971501297232091,2,parking,2,,45.4851166,9.1297868,0.374,32.2,0.419,78
152110000120,Settimo Milanese,critica,0.5313889762688777,1,parking,2,,45.4658996,9.0734524,0.0305,87.5,0.043,81
152010000007,San Vittore Olona,critica,0.5630824196913771,1,parking,2,,45.5862108,8.9425037,0.7497,16.8,0.794,33
152010000007,San Vittore Olona,critica,0.5630824196913771,2,food_drink,3,,45.5857348,8.9438427,0.7362,5.5,0.75,122
152010000007,San Vittore Olona,critica,0.5630824196913771,3,food_drink,3,Bollicine,45.5853985,8.9407914,0.3912,152.2,0.794,33
150410000019,Busto Garolfo,critica,0.5123330841801176,1,parking,2,,45.551581,8.8763658,0.2114,42.2,0.246,6
150410000019,Busto Garolfo,critica,0.5123330841801176,2,parking,2,,45.5515037,8.8792297,0.1348,204.1,0.422,5
150410000019,Busto Garolfo,critica,0.5123330841801176,3,fitness,3,,45.5528818,8.8787092,0.0469,242.8,0.246,6
151700000015,Pero,critica,0.46422438796330234,1,food_drink,3,Bar Luca,45.5098689,9.0883099,0.3911,11.0,0.406,37
151700000015,Pero,critica,0.46422438796330234,2,parking,2,,45.5108317,9.0875036,0.2255,133.4,0.406,37
151720000011,Pessano con Bornago,critica,0.4745676133526883,1,fuel,1,Q8,45.543894,9.3917098,0.3014,70.5,0.394,11
151720000011,Pessano con Bornago,critica,0.4745676133526883,2,parking,2,,45.5455131,9.3910363,0.2401,117.2,0.394,11
151720000008,Pessano con Bornago,critica,0.5684127593381952,1,parking,2,,45.5487078,9.3863629,0.0719,65.6,0.092,8
151720000008,Pessano con Bornago,critica,0.5684127593381952,2,parking,2,,45.5475779,9.3846548,0.0505,135.4,0.092,8
151720000008,Pessano con Bornago,critica,0.5684127593381952,3,parking,2,,45.5481367,9.3875759,0.0402,168.8,0.092,8
151720000005,Pessano con Bornago,critica,0.6126831492581679,1,parking,2,,45.5539542,9.3780189,0.0999,14.6,0.105,5
151720000005,Pessano con Bornago,critica,0.6126831492581679,2,parking,2,,45.5526813,9.3780406,0.0936,191.6,0.259,5
151720000005,Pessano con Bornago,critica,0.6126831492581679,3,parking,2,,45.5538169,9.3797269,0.0631,119.7,0.105,5
150700000035,Cernusco sul Naviglio,critica,0.5225724155644764,1,parking,2,,45.5271728,9.3568968,0.3645,35.3,0.413,14
150700000035,Cernusco sul Naviglio,critica,0.5225724155644764,2,parking,2,,45.5262511,9.3566587,0.3074,76.7,0.413,14
150700000035,Cernusco sul Naviglio,critica,0.5225724155644764,3,parking,2,,45.5281374,9.3572598,0.2162,142.9,0.413,14
150400000007,Bussero,critica,0.43744426519521973,1,office,2,,45.5389835,9.3757061,0.5714,92.5,0.826,25
150400000007,Bussero,critica,0.43744426519521973,2,parking,2,,45.5402111,9.3748773,0.5415,103.3,0.826,25
150400000007,Bussero,critica,0.43744426519521973,3,parking,2,,45.5379839,9.3768196,0.2522,208.4,0.826,25
151220000012,Liscate,critica,0.49727711128490915,1,parking,2,,45.4858848,9.3931637,0.0502,244.9,0.273,50
151220000012,Liscate,critica,0.49727711128490915,2,office,2,BRT,45.4845137,9.3840789,0.0385,259.2,0.283,306
150600000019,Cassina de' Pecchi,critica,0.5435214873004008,1,parking,2,,45.5121013,9.3641098,0.1052,39.1,0.121,129
150600000019,Cassina de' Pecchi,critica,0.5435214873004008,2,parking,2,,45.5120417,9.3656669,0.0778,107.2,0.121,5
152370000007,Vignate,critica,0.524540629770827,1,parking,2,,45.4985128,9.3831484,0.3568,58.9,0.444,126
152370000007,Vignate,critica,0.524540629770827,2,parking,2,,45.4995087,9.3832528,0.3159,86.5,0.444,126
152370000007,Vignate,critica,0.524540629770827,3,parking,2,,45.500732,9.3844974,0.3038,112.8,0.487,7
152370000012,Vignate,critica,0.47847518231954905,1,parking,2,,45.4836875,9.3816637,0.4554,123.0,0.772,36
152370000012,Vignate,critica,0.47847518231954905,2,office,2,,45.4834448,9.3837751,0.3343,170.1,0.772,36
152370000012,Vignate,critica,0.47847518231954905,3,office,2,Truck Service,45.484921,9.3803469,0.1538,201.0,0.466,322
152210000010,Trezzo sull'Adda,critica,0.432567018848104,1,parking,2,,45.6126141,9.5055161,0.4457,92.7,0.645,7
152210000010,Trezzo sull'Adda,critica,0.432567018848104,2,parking,2,,45.6110519,9.5051884,0.2571,180.4,0.645,7
152210000010,Trezzo sull'Adda,critica,0.432567018848104,3,parking,2,,45.6125489,9.5069457,0.2065,204.0,0.645,7
151770000004,Pozzo d'Adda,critica,0.44187996202096924,1,parking,2,,45.5633435,9.4927328,0.1187,134.4,0.215,19
151770000004,Pozzo d'Adda,critica,0.44187996202096924,2,food_drink,3,Pizzeria day,45.5624621,9.4917197,0.044,238.7,0.215,19
151780000002,Pozzuolo Martesana,critica,0.5167832107287875,1,parking,2,,45.5135111,9.4479618,0.5451,82.0,0.75,169
151780000002,Pozzuolo Martesana,critica,0.5167832107287875,2,parking,2,,45.5152729,9.4474955,0.2399,49.2,0.287,131
151780000002,Pozzuolo Martesana,critica,0.5167832107287875,3,parking,2,,45.5120573,9.4448097,0.0478,250.0,0.287,6
151060000003,Gessate,critica,0.5399833192403041,1,parking,2,,45.5584863,9.4451717,0.0922,55.3,0.113,9
151080000012,Gorgonzola,critica,0.6526101925790821,1,parking,2,,45.5373123,9.4246375,0.1958,26.8,0.215,127
151080000012,Gorgonzola,critica,0.6526101925790821,2,parking,2,,45.5381214,9.4239789,0.1289,120.2,0.215,127
151080000012,Gorgonzola,critica,0.6526101925790821,3,parking,2,,45.5396377,9.4244063,0.0261,263.6,0.215,127
151780000010,Pozzuolo Martesana,critica,0.7180720735800431,1,parking,2,,45.5129887,9.463267,0.0716,189.2,0.194,19
151780000010,Pozzuolo Martesana,critica,0.7180720735800431,2,parking,2,,45.5138812,9.4637493,0.0428,233.9,0.194,19
151780000003,Pozzuolo Martesana,critica,0.6512797721258157,1,parking,2,,45.5140214,9.4529245,0.2931,60.4,0.367,23
151780000003,Pozzuolo Martesana,critica,0.6512797721258157,2,parking,2,,45.5154678,9.4547824,0.2335,109.1,0.367,23
150590000004,Cassano d'Adda,critica,0.6091363233643188,1,parking,2,,45.5169221,9.5105479,0.3892,78.0,0.526,19
150590000004,Cassano d'Adda,critica,0.6091363233643188,2,parking,2,,45.5176839,9.5115606,0.187,193.3,0.526,19
150590000004,Cassano d'Adda,critica,0.6091363233643188,3,parking,2,,45.5192918,9.5128888,0.092,49.0,0.11,125
151060000018,Gessate,critica,0.6363796402381481,1,parking,2,,45.5539251,9.4359428,0.348,57.8,0.431,15
151060000018,Gessate,critica,0.6363796402381481,2,parking,2,,45.5569714,9.4388183,0.2137,110.4,0.338,22
151060000018,Gessate,critica,0.6363796402381481,3,food_drink,3,Il Capitano 3,45.55658,9.4352428,0.2134,110.6,0.338,20
151780000001,Pozzuolo Martesana,critica,0.5711197753580737,1,parking,2,,45.5129658,9.4520306,0.5575,77.0,0.75,45
151060000020,Gessate,critica,0.548009131128664,1,parking,2,,45.5538061,9.4302204,0.287,83.1,0.397,21
151060000020,Gessate,critica,0.548009131128664,2,office,2,MC Insurance Broker Srl Assicurazioni,45.5547481,9.4326648,0.1315,200.6,0.397,21
151060000020,Gessate,critica,0.548009131128664,3,parking,2,,45.553639,9.4328047,0.0934,64.6,0.119,130
150440000015,Cambiago,critica,0.6067900504174519,1,parking,2,,45.5684461,9.4266107,0.195,83.3,0.27,125
151140000012,Inzago,critica,0.5994164620050966,1,parking,2,,45.5290739,9.4705727,0.1356,34.1,0.153,128
151060000001,Gessate,critica,0.6955934512145499,1,parking,2,,45.5561985,9.4340852,0.4165,68.2,0.539,20
151060000001,Gessate,critica,0.6955934512145499,2,office,2,Polisportiva Gessate,45.5571605,9.4346262,0.3294,116.7,0.539,20
151060000001,Gessate,critica,0.6955934512145499,3,parking,2,,45.5553049,9.4331419,0.2841,141.9,0.539,20
151770000003,Pozzo d'Adda,critica,0.4420156014164216,1,food_drink,3,Brothers and Sister,45.5623442,9.4918376,0.5311,35.3,0.602,28
151770000003,Pozzo d'Adda,critica,0.4420156014164216,2,food_drink,3,osteria,45.5609854,9.4888769,0.2806,161.1,0.606,29
151770000003,Pozzo d'Adda,critica,0.4420156014164216,3,parking,2,,45.5616352,9.4958275,0.0806,260.8,0.616,9
151780000007,Pozzuolo Martesana,critica,0.6870828006360621,1,parking,2,,45.5156302,9.4606236,0.1227,139.2,0.229,129
151780000007,Pozzuolo Martesana,critica,0.6870828006360621,2,parking,2,,45.5151371,9.4630187,0.0866,186.5,0.229,129
151780000007,Pozzuolo Martesana,critica,0.6870828006360621,3,fitness,3,Campo sportivo Pietro Nenni,45.5164286,9.4612339,0.0548,228.2,0.229,129
151850000007,Rodano,critica,0.43674009471670117,1,parking,2,,45.4675813,9.3389195,0.1938,94.6,0.283,32
151850000006,Rodano,critica,0.4412825714920622,1,parking,2,,45.4669117,9.3381013,0.2067,66.0,0.265,32
151850000006,Rodano,critica,0.4412825714920622,2,parking,2,,45.4655851,9.3389146,0.0652,226.2,0.265,32
151400000038,Melegnano,critica,0.5324077147070623,1,parking,2,,45.3523369,9.3284066,0.2126,40.7,0.246,102
151750000047,Pioltello,critica,0.4862499170290932,1,parking,2,,45.4860693,9.3100473,0.0096,270.3,0.097,9
152060000023,Senago,critica,0.5181843368243644,1,parking,2,,45.5689479,9.1338168,0.393,120.8,0.658,44
152060000023,Senago,critica,0.5181843368243644,2,parking,2,,45.5691013,9.1323867,0.1457,233.6,0.658,44
152060000023,Senago,critica,0.5181843368243644,3,parking,2,,45.5701232,9.1326003,0.0942,257.0,0.658,44
151080000019,Gorgonzola,critica,0.4442464365799248,1,parking,2,,45.5282779,9.4029482,0.4471,31.7,0.5,7
151080000019,Gorgonzola,critica,0.4442464365799248,2,parking,2,Parcheggio Stadio Tifosi locali con biglietto,45.5281779,9.4013063,0.2373,157.6,0.5,7
151080000019,Gorgonzola,critica,0.4442464365799248,3,parking,2,,45.5252168,9.399011,0.197,91.9,0.284,18
150400000008,Bussero,critica,0.43169257763912416,1,parking,2,,45.5370228,9.3714293,0.8247,2.6,0.832,6
150400000008,Bussero,critica,0.43169257763912416,2,food_drink,3,,45.5359742,9.3708956,0.4962,121.1,0.832,6
150400000008,Bussero,critica,0.43169257763912416,3,parking,2,,45.5378736,9.372894,0.4352,143.1,0.832,135
151080000005,Gorgonzola,critica,0.4329017884198587,1,food_drink,3,Pizzeria Benvenuti al Sud,45.5357674,9.4035611,0.2725,18.1,0.29,22
151080000005,Gorgonzola,critica,0.4329017884198587,2,supermarket,1,Coop,45.5366027,9.4049759,0.1616,132.8,0.29,22
151080000026,Gorgonzola,critica,0.44484959899800003,1,parking,2,,45.5329396,9.4000321,0.2333,58.6,0.29,10
151080000026,Gorgonzola,critica,0.44484959899800003,2,parking,2,,45.5308023,9.3953018,0.2141,73.8,0.284,13
151080000026,Gorgonzola,critica,0.44484959899800003,3,parking,2,,45.5299538,9.3962746,0.1624,128.5,0.284,13
151080000009,Gorgonzola,critica,0.5368924725907412,1,parking,2,,45.5366365,9.4104729,0.5818,79.6,0.792,14
151080000009,Gorgonzola,critica,0.5368924725907412,2,parking,2,,45.5365012,9.411929,0.2945,188.5,0.792,14
150600000044,Cassina de' Pecchi,critica,0.44550326544629687,1,parking,2,,45.5237688,9.3577228,0.1482,143.4,0.284,9
150600000044,Cassina de' Pecchi,critica,0.44550326544629687,2,parking,2,,45.5242793,9.3564955,0.0858,209.4,0.284,9
151720000007,Pessano con Bornago,critica,0.6555884873898651,1,parking,2,,45.5480243,9.3832668,0.0983,19.2,0.105,18
151720000007,Pessano con Bornago,critica,0.6555884873898651,2,parking,2,,45.5473927,9.3845008,0.057,137.3,0.105,18
151720000007,Pessano con Bornago,critica,0.6555884873898651,3,parking,2,,45.5474009,9.3814255,0.054,145.6,0.105,18
151400000004,Melegnano,critica,0.5054962814604034,1,office,2,Punto Enel,45.35806,9.32799,0.8141,16.7,0.862,11
151400000004,Melegnano,critica,0.5054962814604034,2,food_drink,3,Yogorino,45.3574841,9.3268786,0.5993,91.4,0.862,11
151400000004,Melegnano,critica,0.5054962814604034,3,parking,2,,45.3568987,9.329183,0.3987,161.2,0.862,11
150770000153,Cinisello Balsamo,critica,0.5946431096630083,1,parking,2,,45.5657268,9.2182372,0.169,26.0,0.185,5
150770000153,Cinisello Balsamo,critica,0.5946431096630083,2,parking,2,,45.5640827,9.2188269,0.063,197.8,0.185,5
150770000409,Cinisello Balsamo,critica,0.6226858331866312,1,parking,2,,45.561492,9.1983104,0.1634,44.8,0.192,8
150770000022,Cinisello Balsamo,critica,0.5716277016048739,1,food_drink,3,Bar Mangia e Bevi,45.5594002,9.2121612,0.5527,17.1,0.586,22
150770000022,Cinisello Balsamo,critica,0.5716277016048739,2,food_drink,3,Med & Lory pizzeria d'asporto,45.5595969,9.2137944,0.4144,71.0,0.543,19
150770000022,Cinisello Balsamo,critica,0.5716277016048739,3,parking,2,,45.5587027,9.2133882,0.3361,114.3,0.543,19
151300000230,Magenta,critica,0.6202212365118165,1,food_drink,3,629,45.4612942,8.8544923,0.1939,65.5,0.248,16
151300000230,Magenta,critica,0.6202212365118165,2,food_drink,3,Istambul kebap,45.4609612,8.8517725,0.1206,154.1,0.248,16
151300000230,Magenta,critica,0.6202212365118165,3,parking,2,,45.4599286,8.8543577,0.109,168.1,0.248,16
151390000007,Mediglia,critica,0.6074971068405544,1,parking,2,,45.3940947,9.3337676,0.1421,166.4,0.319,6
151390000007,Mediglia,critica,0.6074971068405544,2,parking,2,,45.3943029,9.3352924,0.0753,229.2,0.319,6
151390000002,Mediglia,critica,0.6508930555515473,1,parking,2,,45.4011954,9.3252882,0.1254,185.7,0.329,11
150770000363,Cinisello Balsamo,critica,0.6227868412470744,1,parking,2,,45.5701472,9.2135194,0.2762,50.4,0.332,44
150770000023,Cinisello Balsamo,critica,0.49175052740637276,1,food_drink,3,Caffetteria Ribot,45.5597632,9.2139778,0.3937,20.8,0.423,7
150770000023,Cinisello Balsamo,critica,0.49175052740637276,2,parking,2,,45.559552,9.2157104,0.363,72.1,0.478,19
150770000062,Cinisello Balsamo,critica,0.5696912327889481,1,parking,2,,45.5623407,9.2161961,0.342,97.2,0.506,43
150770000062,Cinisello Balsamo,critica,0.5696912327889481,2,parking,2,,45.5616056,9.2175493,0.2536,149.6,0.506,43
150770000062,Cinisello Balsamo,critica,0.5696912327889481,3,food_drink,3,Ristorante l'Anfitrione,45.5612247,9.2157936,0.1429,215.3,0.506,43
151300000006,Magenta,critica,0.5702337903707573,1,parking,2,De Gasperi,45.4668817,8.8864762,0.3865,43.5,0.452,19
151300000006,Magenta,critica,0.5702337903707573,2,parking,2,,45.4675369,8.8882557,0.2936,25.6,0.321,125
151300000006,Magenta,critica,0.5702337903707573,3,office,2,Work force,45.4658594,8.8856537,0.2783,115.3,0.452,19
151180000029,Legnano,critica,0.5151209066483505,1,fuel,1,Agip,45.6035681,8.9150492,0.3692,71.6,0.485,24
151180000029,Legnano,critica,0.5151209066483505,2,food_drink,3,Mario's Bar,45.6048485,8.9140913,0.1265,190.0,0.345,9
151180000035,Legnano,critica,0.5294784809542088,1,food_drink,3,Marco Caffè,45.6010171,8.9171169,0.3932,17.8,0.418,42
151180000035,Legnano,critica,0.5294784809542088,2,food_drink,3,Caffè Elegance,45.601383,8.9194772,0.1535,189.8,0.418,42
151180000041,Legnano,critica,0.538046850424378,1,parking,2,,45.6005726,8.9233849,0.2312,55.7,0.284,11
151180000041,Legnano,critica,0.538046850424378,2,parking,2,,45.5995502,8.9228961,0.1572,133.9,0.284,11
150770000367,Cinisello Balsamo,critica,0.6831319425004401,1,parking,2,,45.5716901,9.2119066,0.1202,13.9,0.126,6
150770000367,Cinisello Balsamo,critica,0.6831319425004401,2,parking,2,,45.570071,9.2112772,0.0839,141.7,0.159,34
150770000367,Cinisello Balsamo,critica,0.6831319425004401,3,parking,2,,45.5712142,9.2102183,0.061,154.7,0.126,6
150770000021,Cinisello Balsamo,critica,0.60096332830217,1,food_drink,3,Al Vesuvio,45.5575905,9.2114884,0.308,29.1,0.341,53
150770000368,Cinisello Balsamo,critica,0.5967613929877319,1,parking,2,,45.571291,9.210012,0.4091,150.5,0.821,35
150770000368,Cinisello Balsamo,critica,0.5967613929877319,2,parking,2,,45.5719796,9.211749,0.27,201.3,0.821,35
151300000036,Magenta,critica,0.49175052740637276,1,parking,2,,45.4618012,8.8900097,0.4199,113.6,0.676,11
151300000036,Magenta,critica,0.49175052740637276,2,parking,2,,45.4632112,8.8897588,0.4112,117.5,0.676,7
151300000025,Magenta,critica,0.46018983743474157,1,office,2,ali lavoro,45.4654521,8.8825557,0.2391,92.1,0.345,6
151300000025,Magenta,critica,0.46018983743474157,2,food_drink,3,Il ritrovo 2.0,45.4672363,8.8820892,0.2138,114.1,0.345,6
151300000025,Magenta,critica,0.46018983743474157,3,office,2,Kiron,45.4660953,8.8806425,0.1657,155.9,0.345,6
151300000304,Magenta,critica,0.5368607272003163,1,parking,2,,45.4602351,8.8967902,0.6452,25.4,0.705,8
151300000304,Magenta,critica,0.5368607272003163,2,parking,2,,45.4595769,8.8921744,0.5597,46.0,0.661,16
151300000304,Magenta,critica,0.5368607272003163,3,parking,2,,45.4607515,8.892256,0.5006,72.8,0.661,16
151180000061,Legnano,critica,0.4331153483190815,1,parking,2,,45.5925835,8.9085179,0.589,20.0,0.631,42
151180000061,Legnano,critica,0.4331153483190815,2,food_drink,3,Terminal 53,45.5927561,8.9064523,0.5507,12.7,0.575,163
151180000061,Legnano,critica,0.4331153483190815,3,food_drink,3,Il Pinalino,45.5935525,8.9090109,0.4622,58.9,0.575,91
151180000031,Legnano,critica,0.48735523380480045,1,parking,2,,45.6047975,8.9164793,0.2351,109.4,0.37,11
151570000039,Novate Milanese,critica,0.4678347046380015,1,parking,2,,45.5325946,9.1342507,0.5205,48.1,0.62,92
151570000039,Novate Milanese,critica,0.4678347046380015,2,office,2,Informagiovani,45.5337473,9.1327567,0.1701,217.7,0.62,92
151570000053,Novate Milanese,critica,0.570600305332937,1,food_drink,3,Bar Trattoria Vialba,45.5282509,9.135239,0.4451,58.1,0.552,5
151570000053,Novate Milanese,critica,0.570600305332937,2,parking,2,,45.5292216,9.1358428,0.43,66.3,0.552,13
151570000053,Novate Milanese,critica,0.570600305332937,3,fitness,3,Arena14,45.5281984,9.1367138,0.2894,142.7,0.552,5
151050000018,Garbagnate Milanese,critica,0.49001030282216523,1,food_drink,3,Osteria dei Pescatori la Fametta,45.5694039,9.0902217,0.1711,50.8,0.206,6
151050000018,Garbagnate Milanese,critica,0.49001030282216523,2,parking,2,Parcheggio Stazione,45.5710493,9.0899886,0.1144,133.4,0.206,6
151050000018,Garbagnate Milanese,critica,0.49001030282216523,3,parking,2,,45.5708787,9.0880968,0.0739,192.4,0.206,6
150770000151,Cinisello Balsamo,critica,0.4851619159208904,1,parking,2,,45.5635131,9.2172064,0.4759,27.0,0.523,42
150770000151,Cinisello Balsamo,critica,0.4851619159208904,2,parking,2,,45.5633246,9.2187319,0.2733,143.2,0.523,42
150770000142,Cinisello Balsamo,critica,0.5826173785810965,1,parking,2,,45.564002,9.2152702,0.5059,100.6,0.761,15
150770000307,Cinisello Balsamo,critica,0.6287174573673836,1,parking,2,,45.5654242,9.2090981,0.4393,18.4,0.468,5
150770000307,Cinisello Balsamo,critica,0.6287174573673836,2,parking,2,,45.5642115,9.2095948,0.2456,142.6,0.468,5
150770000218,Cinisello Balsamo,critica,0.578152822309506,1,parking,2,,45.5608901,9.2116284,0.2904,9.6,0.3,6
150770000235,Cinisello Balsamo,critica,0.580721312989348,1,fuel,1,Q8,45.565626,9.211392,0.6611,73.1,0.874,12
150770000235,Cinisello Balsamo,critica,0.580721312989348,2,parking,2,,45.5650519,9.2124549,0.6463,78.2,0.874,12
151300000070,Magenta,critica,0.4370012727015616,1,food_drink,3,Bar Magenta,45.4634716,8.8936604,0.0753,164.7,0.167,7
151300000070,Magenta,critica,0.4370012727015616,2,parking,2,Supermercato MD,45.4621217,8.8920096,0.0711,172.3,0.167,7
151300000002,Magenta,critica,0.48284161647528046,1,parking,2,,45.4655792,8.8856475,0.5722,8.5,0.589,6
151300000002,Magenta,critica,0.48284161647528046,2,office,2,Miramonti servizi contabili,45.4643124,8.8863096,0.434,51.6,0.524,11
151300000002,Magenta,critica,0.48284161647528046,3,food_drink,3,Verde Magenta,45.464813,8.8849273,0.3733,109.9,0.589,6
151300000058,Magenta,critica,0.5816679028129301,1,office,2,RE/MAX Class,45.4652323,8.8800432,0.3847,31.6,0.43,11
151300000058,Magenta,critica,0.5816679028129301,2,parking,2,,45.4636842,8.8807924,0.1492,195.9,0.43,11
151300000058,Magenta,critica,0.5816679028129301,3,parking,2,,45.4642298,8.8818744,0.1315,208.2,0.43,11
151300000090,Magenta,critica,0.5431751739503098,1,office,2,Studio legale OLDANI-RACCUGLIA,45.4642906,8.8790328,0.6925,63.7,0.879,9
151300000090,Magenta,critica,0.5431751739503098,2,food_drink,3,Trattoria da Franca,45.4650375,8.8783014,0.5705,105.3,0.879,9
151300000005,Magenta,critica,0.4622504018677834,1,parking,2,Mazzini,45.4657679,8.8862597,0.5129,6.3,0.524,11
150020000226,Abbiategrasso,critica,0.6421399856279959,1,parking,2,,45.3997545,8.9377384,0.3167,116.2,0.517,10
150020000226,Abbiategrasso,critica,0.6421399856279959,2,parking,2,,45.3997942,8.9395447,0.1158,152.8,0.236,128
150020000203,Abbiategrasso,critica,0.48213456005217786,1,food_drink,3,Ristorante Al Mago,45.4003893,8.9361104,0.441,104.3,0.676,36
150020000203,Abbiategrasso,critica,0.48213456005217786,2,parking,2,,45.4008553,8.9338183,0.347,146.0,0.676,36
151050000031,Garbagnate Milanese,critica,0.4425639308873991,1,food_drink,3,Factory cafè,45.5626243,9.0760968,0.5746,29.0,0.636,83
151050000031,Garbagnate Milanese,critica,0.4425639308873991,2,fitness,3,Centro Sportivo Comunale Le Querce,45.5635286,9.0746393,0.4781,74.5,0.636,89
151050000031,Garbagnate Milanese,critica,0.4425639308873991,3,parking,2,,45.5616249,9.0765545,0.3336,142.6,0.636,83
151570000108,Novate Milanese,critica,0.49998124136020344,1,parking,2,,45.5378733,9.1399179,0.1871,69.9,0.244,16
151570000108,Novate Milanese,critica,0.49998124136020344,2,parking,2,,45.5383226,9.1385609,0.1676,93.9,0.244,16
151050000019,Garbagnate Milanese,critica,0.44352206448931764,1,parking,2,,45.5685036,9.0856968,0.2036,64.1,0.259,21
150770000308,Cinisello Balsamo,critica,0.7375002525201512,1,parking,2,,45.5654435,9.2085406,0.7368,55.5,0.904,62
150770000308,Cinisello Balsamo,critica,0.7375002525201512,2,parking,2,,45.5658404,9.2101201,0.344,185.8,0.904,62
150770000308,Cinisello Balsamo,critica,0.7375002525201512,3,parking,2,,45.567364,9.2079907,0.1794,240.5,0.904,62
150770000365,Cinisello Balsamo,critica,0.6703529798820804,1,parking,2,,45.5697935,9.2108389,0.0899,197.9,0.264,10
152050000050,Segrate,critica,0.6471038103126344,1,food_drink,3,Danton Cafe,45.4737986,9.2839998,0.4161,59.5,0.519,6
152050000050,Segrate,critica,0.6471038103126344,2,parking,2,,45.4730601,9.28524,0.3592,92.4,0.519,6
152050000050,Segrate,critica,0.6471038103126344,3,fuel,1,GasAuto,45.4735941,9.2807673,0.3032,149.1,0.603,6
150770000502,Cinisello Balsamo,critica,0.5332071213568557,1,office,2,Studio tecnico TeknoLab & Design,45.562958,9.2157013,0.3918,28.6,0.433,7
151300000010,Magenta,critica,0.4940419674061419,1,parking,2,Via Pasubio,45.4635719,8.8822267,0.4054,94.2,0.591,14
151300000010,Magenta,critica,0.4940419674061419,2,parking,2,,45.4628239,8.8842539,0.3001,147.6,0.591,14
151300000071,Magenta,critica,0.5529758417578865,1,parking,2,,45.462492,8.8943167,0.3516,128.2,0.614,9
151300000017,Magenta,critica,0.544589286796515,1,office,2,UnLead di Gabriele Giudici,45.4656473,8.8885875,0.552,29.0,0.611,5
151300000056,Magenta,critica,0.49357444438351894,1,parking,2,,45.4651436,8.8774404,0.4198,7.1,0.43,10
151300000056,Magenta,critica,0.49357444438351894,2,parking,2,,45.4660095,8.8770329,0.2963,16.0,0.313,38
151300000056,Magenta,critica,0.49357444438351894,3,food_drink,3,Eden,45.4652501,8.8788393,0.2656,114.7,0.43,10
150740000047,Cesano Boscone,critica,0.44154519244921453,1,parking,2,,45.4377572,9.0851622,0.2076,76.8,0.279,128
150740000047,Cesano Boscone,critica,0.44154519244921453,2,food_drink,3,Charlie's Angels Bar,45.4388517,9.0873457,0.0414,255.5,0.279,128
150740000047,Cesano Boscone,critica,0.44154519244921453,3,parking,2,,45.4392469,9.0841126,0.0388,258.2,0.279,128
150740000028,Cesano Boscone,critica,0.49795963717904684,1,parking,2,,45.4496354,9.0840628,0.1827,144.7,0.353,14
150740000028,Cesano Boscone,critica,0.49795963717904684,2,parking,2,,45.4479573,9.0845432,0.1432,178.3,0.353,14
151400000037,Melegnano,critica,0.5741327015038657,1,parking,2,,45.3524209,9.3275128,0.5054,36.8,0.576,8
151400000037,Melegnano,critica,0.5741327015038657,2,parking,2,,45.3514935,9.3273184,0.396,93.7,0.576,8
151400000037,Melegnano,critica,0.5741327015038657,3,parking,2,,45.3506867,9.3261908,0.2006,67.6,0.259,50
151390000005,Mediglia,critica,0.7604290822407629,1,food_drink,3,Giardino di Mediglia,45.3951607,9.3286425,0.79,22.8,0.855,142
151390000005,Mediglia,critica,0.7604290822407629,2,supermarket,1,Unes,45.3942912,9.3295272,0.5467,108.2,0.855,18
151390000005,Mediglia,critica,0.7604290822407629,3,parking,2,,45.3952237,9.3305743,0.373,169.1,0.855,18
151400000005,Melegnano,critica,0.47714476186628263,1,fitness,3,,45.3590839,9.3309294,0.4855,131.0,0.862,12
151390000006,Mediglia,critica,0.7320891064249785,1,food_drink,3,San Carlo,45.3969366,9.3322375,0.2748,18.6,0.293,124
151390000006,Mediglia,critica,0.7320891064249785,2,parking,2,,45.3968912,9.3338628,0.1505,145.9,0.293,124
151390000006,Mediglia,critica,0.7320891064249785,3,office,2,Pasinetti,45.395594,9.3327886,0.134,162.8,0.293,124
150320000082,Bresso,critica,0.4488249876625868,1,parking,2,,45.5443515,9.1955087,0.2804,101.6,0.424,14
150320000082,Bresso,critica,0.4488249876625868,2,parking,2,,45.5443719,9.1973739,0.2259,140.1,0.424,14
151400000006,Melegnano,critica,0.5541475352590279,1,food_drink,3,Panino Giallo,45.3579349,9.3275096,0.9581,12.6,1.0,38
151400000006,Melegnano,critica,0.5541475352590279,2,parking,2,,45.3610511,9.3292725,0.4131,33.5,0.465,38
151400000036,Melegnano,critica,0.47090246373089145,1,parking,2,,45.3539374,9.3244128,0.1115,148.0,0.22,54
151400000003,Melegnano,critica,0.5205031932976822,1,parking,2,,45.3560801,9.3310485,0.0842,232.1,0.372,9
150820000001,Colturano,critica,0.440650549628146,1,parking,2,,45.381301,9.3348201,0.2502,53.0,0.304,6
150820000001,Colturano,critica,0.440650549628146,2,food_drink,3,,45.3791151,9.3394417,0.2381,65.0,0.304,130
150820000001,Colturano,critica,0.440650549628146,3,parking,2,,45.3800932,9.3360651,0.2101,92.7,0.304,130
151590000018,Opera,critica,0.43990308998086614,1,parking,2,,45.3792508,9.2184327,0.2035,6.6,0.208,121
151590000018,Opera,critica,0.43990308998086614,2,parking,2,,45.3807308,9.2182301,0.0945,163.7,0.208,121
151590000003,Opera,critica,0.4302496053470781,1,food_drink,3,Ristorante Ming,45.3772187,9.2139009,0.1939,140.2,0.364,6
151730000011,Pieve Emanuele,critica,0.4345496627773753,1,parking,2,,45.3569038,9.2007457,0.087,67.0,0.112,125
151730000011,Pieve Emanuele,critica,0.4345496627773753,2,parking,2,,45.3556535,9.2014707,0.073,104.5,0.112,125
150870000003,Cornaredo,critica,0.5643320336962889,1,parking,2,,45.5057585,9.0215067,0.1163,158.1,0.246,8
150870000012,Cornaredo,critica,0.44278037673120596,1,parking,2,,45.4980145,9.0290389,0.6859,27.8,0.756,46
151180000022,Legnano,critica,0.43278923658107915,1,food_drink,3,,45.598279,8.9105196,0.5236,69.7,0.682,5
150270000047,Bollate,critica,0.5711457488593303,1,parking,2,,45.5404128,9.1010342,0.4024,63.7,0.511,70
150270000047,Bollate,critica,0.5711457488593303,2,parking,2,,45.5415405,9.1013131,0.2696,141.7,0.511,70
150270000047,Bollate,critica,0.5711457488593303,3,parking,2,,45.5396922,9.1001769,0.2599,147.4,0.511,70
152060000011,Senago,critica,0.5131483635251235,1,parking,2,,45.5695004,9.1172779,0.3438,150.3,0.689,6
152060000011,Senago,critica,0.5131483635251235,2,parking,2,,45.5705154,9.1206615,0.2794,178.3,0.689,6
150770000046,Cinisello Balsamo,critica,0.43651354806685,1,food_drink,3,Ristorante La Baitella,45.5558723,9.2086723,0.2654,38.9,0.305,7
151570000002,Novate Milanese,critica,0.5047257342564508,1,office,2,Allianz,45.5310234,9.1412827,0.7643,20.0,0.819,18
151570000002,Novate Milanese,critica,0.5047257342564508,2,food_drink,3,London,45.5316728,9.1394035,0.7093,17.8,0.754,7
150770000109,Cinisello Balsamo,critica,0.5170025425171787,1,parking,2,,45.5526561,9.2221753,0.7101,16.0,0.75,46
150770000003,Cinisello Balsamo,critica,0.5599280822609645,1,parking,2,,45.5539612,9.213765,0.2009,17.0,0.213,79
150270000046,Bollate,critica,0.7233042911110021,1,parking,2,,45.5468075,9.1469791,0.3475,108.7,0.545,5
150770000012,Cinisello Balsamo,critica,0.5626264404470906,1,parking,2,,45.5529322,9.216062,0.1925,105.6,0.297,25
150770000012,Cinisello Balsamo,critica,0.5626264404470906,2,food_drink,3,Istanbul Bosforo,45.5540694,9.216183,0.1252,173.5,0.297,25
150770000002,Cinisello Balsamo,critica,0.6110208451777309,1,food_drink,3,Sushi Salmone,45.5546927,9.2158674,0.6393,61.7,0.805,33
150770000122,Cinisello Balsamo,critica,0.5014761606547631,1,parking,2,,45.5519167,9.2222963,0.4909,45.7,0.579,100
151050000028,Garbagnate Milanese,critica,0.43142129884821945,1,parking,2,,45.5697299,9.0705864,0.2682,106.6,0.416,72
151050000028,Garbagnate Milanese,critica,0.43142129884821945,2,food_drink,3,Ristorante Villa Magnolie,45.5682514,9.0731666,0.0496,224.8,0.198,24
151050000028,Garbagnate Milanese,critica,0.43142129884821945,3,parking,2,,45.5683109,9.0691661,0.0138,289.6,0.396,17
150770000017,Cinisello Balsamo,critica,0.5848655294121042,1,parking,2,,45.5558675,9.2095196,0.2992,27.1,0.329,56
150770000038,Cinisello Balsamo,critica,0.5235218913326426,1,food_drink,3,Pizzeria Arcobaleno,45.5518935,9.2148935,0.1379,78.9,0.187,38
150270000049,Bollate,critica,0.5193921046328069,1,food_drink,3,Fish Art,45.5397142,9.1021391,0.4064,50.2,0.488,47
150270000049,Bollate,critica,0.5193921046328069,2,parking,2,,45.5399989,9.0953154,0.3907,51.2,0.471,28
150270000045,Bollate,critica,0.6788232272363905,1,parking,2,,45.5462333,9.1419642,0.4391,87.2,0.619,24
150270000045,Bollate,critica,0.6788232272363905,2,parking,2,,45.5466107,9.1431347,0.2989,155.1,0.619,24
152060000014,Senago,critica,0.6615075597318381,1,parking,2,,45.5754268,9.1025589,0.4084,53.5,0.497,38
152060000014,Senago,critica,0.6615075597318381,2,parking,2,,45.5744734,9.1026218,0.2427,153.5,0.497,38
152060000014,Senago,critica,0.6615075597318381,3,parking,2,,45.5758038,9.1050165,0.2246,164.4,0.497,38
151050000026,Garbagnate Milanese,critica,0.4321196974375697,1,parking,2,,45.567872,9.0740388,0.6547,3.3,0.662,18
151050000026,Garbagnate Milanese,critica,0.4321196974375697,2,parking,2,,45.5697389,9.0760558,0.0802,263.7,0.662,18
151050000026,Garbagnate Milanese,critica,0.4321196974375697,3,parking,2,,45.5687346,9.0773389,0.0491,277.7,0.662,18
151570000005,Novate Milanese,critica,0.4905211150135495,1,office,2,Unico Srl,45.5310974,9.1373293,0.0609,207.7,0.198,5
151570000082,Novate Milanese,critica,0.5241567991411429,1,parking,2,,45.5319577,9.1306982,0.7782,48.1,0.927,98
151570000082,Novate Milanese,critica,0.5241567991411429,2,parking,2,,45.5310243,9.1328101,0.3362,181.1,0.848,16
151460002739,Milano,critica,0.7105830473843242,1,parking,2,,45.4160702,9.2404282,0.1798,13.1,0.188,10
151460002739,Milano,critica,0.7105830473843242,2,parking,2,,45.4148221,9.240877,0.0935,150.8,0.188,10
151050000023,Garbagnate Milanese,critica,0.43640821108953065,1,parking,2,,45.5661616,9.0848691,0.4743,53.0,0.576,71
151050000023,Garbagnate Milanese,critica,0.43640821108953065,2,parking,2,,45.5649933,9.0823704,0.3703,107.2,0.576,46
151050000023,Garbagnate Milanese,critica,0.43640821108953065,3,parking,2,,45.56695,9.0837661,0.2749,156.8,0.576,71
150770000033,Cinisello Balsamo,critica,0.5502457381813355,1,parking,2,,45.5528569,9.2196255,0.5486,79.1,0.745,191
150770000036,Cinisello Balsamo,critica,0.6067813925836996,1,food_drink,3,Ristorante Pizzeria Pietra Bianca,45.5526638,9.2149208,0.293,137.5,0.541,44
150770000015,Cinisello Balsamo,critica,0.5004603081611627,1,food_drink,3,China Express,45.5533501,9.2119929,0.2766,68.9,0.359,12
150770000124,Cinisello Balsamo,critica,0.4567469055459197,1,food_drink,3,Ristorante Orientale Sushi Bar Kaisen,45.551,9.2179222,0.485,53.4,0.59,24
150770000124,Cinisello Balsamo,critica,0.4567469055459197,2,parking,2,,45.5500768,9.2177451,0.2823,156.4,0.59,24
151570000120,Novate Milanese,critica,0.49198717486226834,1,fuel,1,,45.5381067,9.1309192,0.4769,25.9,0.522,5
151460003285,Milano,critica,0.5034039716369366,1,parking,2,,45.4391996,9.1388037,0.4791,26.2,0.525,30
150700000027,Cernusco sul Naviglio,critica,0.607702008906025,1,food_drink,3,,45.5210353,9.3307556,0.6038,23.4,0.655,8
151460001275,Milano,critica,0.4954647380860992,1,office,2,DentalStore,45.512451,9.2563824,0.7451,76.5,1.0,124
150700000030,Cernusco sul Naviglio,critica,0.6329684537397513,1,parking,2,,45.5235426,9.3172949,0.1009,160.5,0.217,124
150700000030,Cernusco sul Naviglio,critica,0.6329684537397513,2,parking,2,,45.5240002,9.3185373,0.09,175.5,0.217,124
150700000030,Cernusco sul Naviglio,critica,0.6329684537397513,3,parking,2,,45.5228824,9.3182085,0.0322,255.5,0.217,124
151460006047,Milano,critica,0.4392854978398705,1,parking,2,,45.5230351,9.1947648,0.1009,197.7,0.296,9
151460006047,Milano,critica,0.4392854978398705,2,parking,2,,45.5221925,9.1952679,0.0686,230.4,0.296,9
152060000015,Senago,critica,0.46692563209401255,1,parking,2,,45.5829244,9.1183669,0.3549,81.4,0.487,18
150270000044,Bollate,critica,0.7092237674852166,1,parking,2,,45.5479511,9.1415923,0.2642,109.0,0.415,13
150270000044,Bollate,critica,0.7092237674852166,2,parking,2,,45.5482036,9.1395264,0.1801,97.6,0.267,24
151400000033,Melegnano,critica,0.44368656333061085,1,food_drink,3,Ammó Pizza Napoletana,45.3567954,9.3238296,0.7266,82.0,1.0,27
151400000033,Melegnano,critica,0.44368656333061085,2,parking,2,,45.3555395,9.3260825,0.5111,146.7,1.0,53
151400000033,Melegnano,critica,0.44368656333061085,3,food_drink,3,Miscela Bistrot,45.35699,9.3251454,0.4604,161.9,1.0,27
151460004777,Milano,critica,0.48317927199161925,1,parking,2,,45.4994151,9.1518002,0.7253,23.5,0.787,12
151460005194,Milano,critica,0.4496301662015486,1,parking,2,,45.5205984,9.1347584,0.4082,103.7,0.624,103
151660000210,Paderno Dugnano,critica,0.5751341242745457,1,parking,2,,45.5625597,9.151839,0.5707,42.1,0.664,93
151660000007,Paderno Dugnano,critica,0.6510864138386814,1,food_drink,3,Bar Latteria Amici,45.5694478,9.1645521,0.4875,56.3,0.6,20
151660000007,Paderno Dugnano,critica,0.6510864138386814,2,food_drink,3,Bar Ultimo,45.5706946,9.1643375,0.3236,138.2,0.6,20
151660000295,Paderno Dugnano,critica,0.530302418132967,1,food_drink,3,Ristorante El Calderin,45.5712984,9.1913913,0.5622,45.6,0.663,6
151660000293,Paderno Dugnano,critica,0.6780267065311811,1,parking,2,,45.5705976,9.1910231,0.4053,52.9,0.492,44
151660000293,Paderno Dugnano,critica,0.6780267065311811,2,parking,2,,45.569559,9.1924234,0.278,186.9,0.737,28
151660000082,Paderno Dugnano,critica,0.5620607953086085,1,food_drink,3,Caffé Letterario,45.5668843,9.1592825,0.7191,48.6,0.858,109
151660000060,Paderno Dugnano,critica,0.4801230566770657,1,parking,2,,45.5754331,9.1675572,0.0819,206.6,0.263,10
151660000044,Paderno Dugnano,critica,0.5136202154646227,1,food_drink,3,Prosperità,45.5658072,9.1608961,0.2175,188.1,0.583,75
151660000201,Paderno Dugnano,critica,0.5870126721826687,1,parking,2,,45.5729345,9.1478241,0.3637,48.0,0.433,8
151660000004,Paderno Dugnano,critica,0.53697616498368,1,food_drink,3,Bar Manhattam,45.5680143,9.1635968,0.9457,16.3,1.0,23
151660000004,Paderno Dugnano,critica,0.53697616498368,2,supermarket,1,Unes,45.5688955,9.1642084,0.7202,83.9,1.0,42
151660000064,Paderno Dugnano,critica,0.4955253429223652,1,parking,2,Piazza San Francesco d'Assisi,45.5794825,9.1678546,0.2022,192.2,0.563,18
151660000001,Paderno Dugnano,critica,0.557596239037018,1,food_drink,3,La Cucina Italiana Take Away,45.5685662,9.1649642,0.8044,58.7,1.0,8
151660000001,Paderno Dugnano,critica,0.557596239037018,2,food_drink,3,Il Mago,45.5693658,9.1658414,0.606,118.2,1.0,114
151660000129,Paderno Dugnano,critica,0.5623061005982564,1,parking,2,,45.572087,9.1527313,0.4371,124.5,0.747,17
151460002825,Milano,critica,0.43160888524618546,1,parking,2,,45.4249225,9.2107864,0.0541,198.0,0.159,10
151460003112,Milano,critica,0.5380035612556168,1,parking,2,,45.4144883,9.1631947,0.3258,88.5,0.462,7
150700000011,Cernusco sul Naviglio,critica,0.6200740533380278,1,parking,2,,45.5224833,9.3253804,0.3454,108.4,0.541,6
152050000042,Segrate,critica,0.5195739191416047,1,parking,2,,45.4966428,9.2997913,0.6607,14.0,0.693,29
152050000042,Segrate,critica,0.5195739191416047,2,food_drink,3,Vulcano Milano dal 1966,45.4958911,9.2973908,0.2476,153.2,0.506,6
151660000027,Paderno Dugnano,critica,0.5031586663472889,1,parking,2,,45.565676,9.1721162,0.6735,69.6,0.877,54
151660000027,Paderno Dugnano,critica,0.5031586663472889,2,parking,2,,45.5670315,9.1730213,0.2163,226.0,0.877,54
151660000200,Paderno Dugnano,critica,0.5614085718326036,1,parking,2,,45.5752037,9.1469777,0.449,25.1,0.49,64
151660000200,Paderno Dugnano,critica,0.5614085718326036,2,parking,2,,45.5762159,9.1466892,0.2857,125.1,0.49,64
151660000200,Paderno Dugnano,critica,0.5614085718326036,3,parking,2,,45.574529,9.1483744,0.2536,144.7,0.49,64
151660000121,Paderno Dugnano,critica,0.5166360275549988,1,parking,2,,45.5662009,9.155636,0.1435,145.2,0.278,7
151660000121,Paderno Dugnano,critica,0.5166360275549988,2,parking,2,,45.5654777,9.1568911,0.1256,121.4,0.211,211
151890000102,Rozzano,critica,0.4561379712386763,1,parking,2,,45.3799744,9.1794961,0.2332,42.8,0.272,119
151950000107,San Giuliano Milanese,critica,0.4395740922982797,1,parking,2,,45.3876795,9.3007054,0.2087,34.7,0.236,122
151950000107,San Giuliano Milanese,critica,0.4395740922982797,2,parking,2,,45.3883383,9.2998279,0.177,74.9,0.236,122
151710000020,Peschiera Borromeo,critica,0.43390032524595457,1,fuel,1,Tamoil,45.423825,9.293092,0.3026,51.3,0.365,8
151710000020,Peschiera Borromeo,critica,0.43390032524595457,2,parking,2,,45.4245605,9.2942665,0.2702,78.0,0.365,8
151660000025,Paderno Dugnano,critica,0.4927115469528754,1,food_drink,3,Da Gennaro,45.5659716,9.166191,0.4403,53.6,0.536,37
151660000289,Paderno Dugnano,critica,0.473895188264595,1,parking,2,,45.5665555,9.1841034,0.0666,219.4,0.248,128
151660000021,Paderno Dugnano,critica,0.5060013217626196,1,parking,2,,45.5677803,9.1618218,0.6866,19.4,0.734,170
151660000159,Paderno Dugnano,critica,0.45716248156602896,1,food_drink,3,PizzaRound no limits,45.5829874,9.1459229,0.5264,45.3,0.62,19
151660000159,Paderno Dugnano,critica,0.45716248156602896,2,parking,2,,45.5823461,9.1469569,0.3172,111.6,0.505,13
150850000055,Corbetta,critica,0.5059753482613627,1,parking,2,,45.4628514,8.9259441,0.3524,31.0,0.393,48
150850000055,Corbetta,critica,0.5059753482613627,2,parking,2,,45.4628367,8.92438,0.2045,143.9,0.393,48
150440000018,Cambiago,critica,0.6515799103625612,1,parking,2,,45.568489,9.4274307,0.1051,68.1,0.136,258
150440000018,Cambiago,critica,0.6515799103625612,2,parking,2,,45.569366,9.4278308,0.0588,170.4,0.136,258
151720000033,Pessano con Bornago,critica,0.6917868903081323,1,parking,2,,45.5501356,9.3742088,0.0271,233.9,0.123,6
150700000026,Cernusco sul Naviglio,critica,0.624781028954682,1,parking,2,,45.5239136,9.3428475,0.2047,70.0,0.267,12
150700000026,Cernusco sul Naviglio,critica,0.624781028954682,2,parking,2,,45.5240291,9.3393101,0.1511,60.1,0.189,7
150700000026,Cernusco sul Naviglio,critica,0.624781028954682,3,parking,2,,45.5256597,9.3403717,0.096,147.6,0.189,7
150700000005,Cernusco sul Naviglio,critica,0.6709676860784919,1,parking,2,Manzoni,45.5272114,9.3319305,0.2049,49.1,0.245,5
150700000005,Cernusco sul Naviglio,critica,0.6709676860784919,2,parking,2,,45.5268604,9.3279267,0.1745,68.3,0.226,85
150700000005,Cernusco sul Naviglio,critica,0.6709676860784919,3,office,2,Manpower,45.5263193,9.3321865,0.1288,142.3,0.245,5
151590000045,Opera,critica,0.44295353340625154,1,parking,2,,45.3827881,9.2142806,0.5409,42.0,0.629,191
151920000020,San Donato Milanese,critica,0.43582236433895993,1,parking,2,,45.4258152,9.2603277,0.3055,79.7,0.416,69
151920000020,San Donato Milanese,critica,0.43582236433895993,2,parking,2,,45.4267605,9.2593098,0.1282,207.6,0.416,69
151460000116,Milano,controprova,-0.1367995451751336,1,food_drink,3,Pandenus,45.471314,9.1843521,0.5545,12.7,0.579,8
151180000017,Legnano,controprova,0.23564891906945606,1,parking,2,,45.595865,8.9149401,0.6669,12.5,0.696,13
151180000017,Legnano,controprova,0.23564891906945606,2,parking,2,,45.5950267,8.9157755,0.6345,7.2,0.65,23
151180000017,Legnano,controprova,0.23564891906945606,3,food_drink,3,Morello,45.5952376,8.9136092,0.4347,112.6,0.696,13
150860000013,Cormano,controprova,0.27570871584123846,1,food_drink,3,Ristorante la Pescheria,45.539932,9.1589085,0.6083,16.6,0.644,62
151820000111,Rho,controprova,-0.027331338183644194,1,parking,2,,45.5295446,9.0475161,0.4572,94.1,0.666,41
151730000013,Pieve Emanuele,controprova,0.41194117290559784,1,parking,2,,45.3544275,9.2013763,0.2266,28.1,0.25,10
151730000013,Pieve Emanuele,controprova,0.41194117290559784,2,parking,2,,45.3533537,9.1996487,0.0831,200.3,0.25,10
151730000013,Pieve Emanuele,controprova,0.41194117290559784,3,parking,2,,45.3499291,9.1993894,0.0292,221.8,0.112,125
151540000001,Nerviano,controprova,0.10795885797400917,1,parking,2,,45.5548237,8.97768,0.6887,73.2,0.911,124
151540000001,Nerviano,controprova,0.10795885797400917,2,parking,2,,45.5560451,8.9745263,0.3785,175.4,0.911,124
151540000001,Nerviano,controprova,0.10795885797400917,3,office,2,Tecnocasa,45.5565045,8.9791043,0.3421,80.7,0.468,10
150980000024,Cusano Milanino,controprova,-0.01989425899043884,1,fuel,1,Tamoil,45.5536776,9.1862963,0.2658,19.2,0.284,124
150980000024,Cusano Milanino,controprova,-0.01989425899043884,2,food_drink,3,Forty Love Cafè,45.5538156,9.1877414,0.1944,94.6,0.284,124
150980000024,Cusano Milanino,controprova,-0.01989425899043884,3,office,2,Centro Ripamonti,45.554843,9.1864365,0.1635,127.2,0.284,124
150720000007,Cerro Maggiore,controprova,0.40649250953083194,1,parking,2,,45.5941345,8.9498943,0.9627,11.2,1.0,42
150720000007,Cerro Maggiore,controprova,0.40649250953083194,2,parking,2,,45.5943417,8.9512329,0.9523,14.3,1.0,15
150720000007,Cerro Maggiore,controprova,0.40649250953083194,3,parking,2,,45.5919282,8.9511671,0.5818,125.5,1.0,14
151880000002,Rosate,controprova,0.04875947672052805,1,food_drink,3,Osteria del Gallo,45.3524341,9.0197325,0.8666,15.9,0.915,34
151880000002,Rosate,controprova,0.04875947672052805,2,food_drink,3,,45.3513545,9.0186542,0.7289,15.6,0.769,7
151880000002,Rosate,controprova,0.04875947672052805,3,office,2,Generali,45.3504318,9.0184879,0.4668,117.9,0.769,7
151950000061,San Giuliano Milanese,controprova,0.26226887191312154,1,parking,2,,45.4005798,9.2800304,0.618,30.1,0.687,6
151950000061,San Giuliano Milanese,controprova,0.26226887191312154,2,parking,2,,45.4016531,9.2783077,0.3434,150.0,0.687,6
152190000003,Trezzano Rosa,controprova,0.203935274034868,1,parking,2,,45.5851458,9.4884605,0.1623,180.1,0.406,6
150740000017,Cesano Boscone,controprova,0.1999411267304846,1,parking,2,,45.4430624,9.1001871,0.3222,135.1,0.586,49
150740000017,Cesano Boscone,controprova,0.1999411267304846,2,parking,2,,45.4433652,9.1016934,0.2538,59.0,0.316,5
150740000017,Cesano Boscone,controprova,0.1999411267304846,3,fuel,1,IP,45.4421842,9.1017445,0.1849,55.7,0.227,15
151400000011,Melegnano,controprova,0.40320830459413515,1,parking,2,,45.3630895,9.3263132,0.5896,27.0,0.648,15
151400000011,Melegnano,controprova,0.40320830459413515,2,parking,2,,45.3642303,9.3265851,0.3199,151.9,0.648,15
151570000080,Novate Milanese,controprova,0.42296548121682964,1,food_drink,3,Civico 34,45.532433,9.1288423,0.1841,139.5,0.344,7
150140000003,Basiano,controprova,0.30289142787880197,1,food_drink,3,,45.5736009,9.4674704,0.0759,188.4,0.204,6
152470000024,Zibido San Giacomo,controprova,0.07888008034469718,1,office,2,Agronomo La Sala Marco Stefano 🌳💻,45.3649804,9.1123215,0.0571,218.0,0.209,62
152470000024,Zibido San Giacomo,controprova,0.07888008034469718,2,parking,2,,45.3663653,9.1116415,0.0264,262.1,0.209,62
152470000024,Zibido San Giacomo,controprova,0.07888008034469718,3,parking,2,,45.3671501,9.1096357,0.0023,296.6,0.209,62
152060000021,Senago,controprova,0.30059710193444866,1,parking,2,,45.5792041,9.1371933,0.4736,27.8,0.522,9
152060000021,Senago,controprova,0.30059710193444866,2,parking,2,,45.578812,9.1387658,0.3407,104.2,0.522,9
152060000021,Senago,controprova,0.30059710193444866,3,parking,2,,45.5778885,9.1378451,0.2653,147.5,0.522,9
152300000005,Vaprio d'Adda,controprova,0.0995376716776285,1,parking,2,,45.5809628,9.5264772,0.516,30.3,0.574,11
152300000005,Vaprio d'Adda,controprova,0.0995376716776285,2,parking,2,,45.5796399,9.5221058,0.3549,101.3,0.536,10
152300000005,Vaprio d'Adda,controprova,0.0995376716776285,3,parking,2,,45.5784721,9.5222245,0.2518,159.1,0.536,10
151710000012,Peschiera Borromeo,controprova,0.010328795666465607,1,parking,2,,45.4273021,9.3085806,0.7072,37.4,0.808,25
151710000012,Peschiera Borromeo,controprova,0.010328795666465607,2,parking,2,,45.4287623,9.3078004,0.5968,26.7,0.655,97
150320000100,Bresso,controprova,0.2105585168553593,1,parking,2,,45.5328416,9.197102,0.4098,137.0,0.754,43
152260000009,Turbigo,controprova,0.36083109432132676,1,parking,2,,45.5294746,8.7410271,0.3867,6.3,0.395,10
152260000009,Turbigo,controprova,0.36083109432132676,2,supermarket,1,Conad City,45.5291748,8.7391844,0.2075,142.4,0.395,10
151790000010,Pregnana Milanese,controprova,-0.06256583561082463,1,fuel,1,TotalErg,45.5112756,9.0135605,0.3284,194.8,0.936,102
151680000025,Parabiago,controprova,0.3673042680234454,1,parking,2,,45.5361447,8.949877,0.3096,154.0,0.636,50
150100000010,Arluno,controprova,0.4041866398081424,1,parking,2,,45.5052446,8.9398262,0.4979,62.5,0.629,38
150100000010,Arluno,controprova,0.4041866398081424,2,cinema,3,Cinema Oratorio,45.5059436,8.9368814,0.27,63.2,0.342,83
150100000010,Arluno,controprova,0.4041866398081424,3,fitness,3,,45.507228,8.9362512,0.199,88.3,0.282,133
150600000047,Cassina de' Pecchi,controprova,0.20186893771265813,1,parking,2,Piazza Unità d'Italia,45.5170284,9.3655191,0.3247,47.7,0.386,5
150600000047,Cassina de' Pecchi,controprova,0.20186893771265813,2,parking,2,,45.5156921,9.3656245,0.1857,155.7,0.386,5
151910000007,San Colombano al Lambro,controprova,0.21372151211952428,1,parking,2,,45.1831977,9.4935666,0.2188,64.7,0.279,8
151910000007,San Colombano al Lambro,controprova,0.21372151211952428,2,parking,2,,45.1822667,9.4959474,0.1657,147.5,0.326,17
151640000006,Ossona,controprova,0.19742169710857216,1,parking,2,,45.5050306,8.8968314,0.1276,231.2,0.556,11
151420000016,Melzo,controprova,0.11328342573165906,1,parking,2,,45.5056979,9.431285,0.0058,295.8,0.413,60
150580000001,Casorezzo,controprova,0.02853477707521057,1,food_drink,3,San Giorgio,45.5237331,8.9026764,0.1321,230.1,0.567,62
150580000001,Casorezzo,controprova,0.02853477707521057,2,parking,2,Piazza Giuseppe Garibaldi,45.5219402,8.9027727,0.1094,244.2,0.588,87
150580000001,Casorezzo,controprova,0.02853477707521057,3,cinema,3,Ex Cineteatro San Giorgio,45.5231016,8.9010193,0.0873,125.3,0.15,124
151140000002,Inzago,controprova,0.18169041318068613,1,food_drink,3,,45.5421618,9.4806036,0.0649,230.0,0.278,18
150510000005,Carugate,controprova,-0.023868204682733762,1,food_drink,3,Peppino,45.5516846,9.3347378,0.2324,89.4,0.331,8
150510000005,Carugate,controprova,-0.023868204682733762,2,parking,2,,45.5515743,9.3368176,0.1975,121.0,0.331,8
150510000005,Carugate,controprova,-0.023868204682733762,3,food_drink,3,Antica Napoli,45.5508592,9.3381321,0.0543,250.8,0.331,8
152370000003,Vignate,controprova,0.27449084722675154,1,parking,2,,45.4935004,9.3714606,0.0233,141.0,0.044,125
151220000001,Liscate,controprova,0.2992811112041027,1,food_drink,3,Ristorante Colomba,45.4825053,9.4100459,0.4899,29.8,0.544,23
151220000001,Liscate,controprova,0.2992811112041027,2,parking,2,,45.4817719,9.4068715,0.1684,207.1,0.544,24
151220000001,Liscate,controprova,0.2992811112041027,3,parking,2,,45.4814093,9.4054881,0.0328,265.2,0.283,24
150770000248,Cinisello Balsamo,controprova,0.07088312790217799,1,parking,2,,45.551011,9.2373092,0.8103,26.6,0.889,17
151700000011,Pero,controprova,0.3787037491306091,1,parking,2,,45.5110455,9.0827543,0.2154,140.9,0.406,55
150590000016,Cassano d'Adda,controprova,0.04369464397544642,1,parking,2,,45.5270452,9.5133196,0.3803,67.2,0.49,18
150590000016,Cassano d'Adda,controprova,0.04369464397544642,2,food_drink,3,Over 18,45.5277995,9.5101315,0.2238,70.8,0.293,5
150590000016,Cassano d'Adda,controprova,0.04369464397544642,3,parking,2,,45.5282579,9.5145361,0.21,171.4,0.49,18
151590000001,Opera,controprova,0.41717339043655677,1,parking,2,,45.3762915,9.2110306,0.4793,94.6,0.7,112
151590000001,Opera,controprova,0.41717339043655677,2,fitness,3,,45.3791191,9.2116118,0.4547,90.8,0.652,95
151590000001,Opera,controprova,0.41717339043655677,3,parking,2,,45.3772993,9.2121158,0.4117,123.6,0.7,112
152350000003,Vermezzo,controprova,0.18876963524546408,1,parking,2,,45.392607,8.9797602,0.4147,11.3,0.431,27
152350000003,Vermezzo,controprova,0.18876963524546408,2,office,2,Istituto Comprensivo Statale Gianni Rodari,45.3923535,8.9845143,0.414,67.9,0.535,16
152350000003,Vermezzo,controprova,0.18876963524546408,3,parking,2,,45.3932633,8.984421,0.4115,69.3,0.535,16
152500000027,Baranzate,controprova,0.3610706277218064,1,parking,2,,45.5261286,9.1171156,0.6482,36.2,0.737,107
152500000027,Baranzate,controprova,0.3610706277218064,2,parking,2,,45.5266666,9.1186513,0.3749,147.4,0.737,107
151510000001,Motta Visconti,controprova,0.27882265004747386,1,parking,2,,45.2871592,8.9903664,0.3295,26.9,0.362,123
151510000001,Motta Visconti,controprova,0.27882265004747386,2,food_drink,3,Bar Celestin,45.2879652,8.9921686,0.132,190.6,0.362,123
152130000005,Solaro,controprova,0.06502177445188695,1,parking,2,,45.6175757,9.078905,0.4885,54.5,0.597,6
152130000005,Solaro,controprova,0.06502177445188695,2,office,2,Cattolica assicurazioni,45.6172921,9.0816578,0.4127,102.2,0.626,11
152130000005,Solaro,controprova,0.06502177445188695,3,parking,2,,45.6178107,9.0773725,0.403,16.2,0.426,104
150240000036,Binasco,controprova,-0.022052945539339786,1,parking,2,,45.3331479,9.103389,0.7017,14.4,0.737,71
150240000036,Binasco,controprova,-0.022052945539339786,2,food_drink,3,Bar Seventeen,45.3312902,9.1013163,0.0569,276.8,0.737,71
151690000017,Paullo,controprova,0.39552592011128196,1,food_drink,3,Caffè Novecento,45.4208543,9.4031104,0.0197,272.9,0.218,10
151720000001,Pessano con Bornago,controprova,0.411571771998834,1,parking,2,,45.5525052,9.3834137,0.3613,72.3,0.476,83
151720000001,Pessano con Bornago,controprova,0.411571771998834,2,parking,2,,45.5522278,9.3856503,0.3093,105.0,0.476,83
151720000001,Pessano con Bornago,controprova,0.411571771998834,3,parking,2,,45.551357,9.3842461,0.2972,112.7,0.476,83
152240000002,Truccazzano,controprova,0.2677059915095511,1,parking,2,,45.4845008,9.4725385,0.1186,208.3,0.388,124
150260000002,Boffalora sopra Ticino,controprova,0.2733249256147784,1,food_drink,3,La Posteria Italiana,45.4673698,8.8303417,0.9115,26.5,1.0,74
150260000002,Boffalora sopra Ticino,controprova,0.2733249256147784,2,food_drink,3,E mo te magno,45.4682923,8.8313546,0.7176,84.7,1.0,27
150260000002,Boffalora sopra Ticino,controprova,0.2733249256147784,3,parking,2,Piazza Falcone e Borsellino,45.468618,8.8294047,0.5201,144.0,1.0,27
152290000002,Vanzago,controprova,0.2718934971010687,1,office,2,Forza Italia,45.5269398,8.9950991,0.2339,75.8,0.313,8
152210000004,Trezzo sull'Adda,controprova,0.04004248110427777,1,fuel,1,Esso,45.6066975,9.5213561,0.6557,33.5,0.738,50
152210000004,Trezzo sull'Adda,controprova,0.04004248110427777,2,parking,2,,45.6031455,9.510692,0.6455,57.9,0.8,18
152210000004,Trezzo sull'Adda,controprova,0.04004248110427777,3,office,2,Umana,45.607724,9.5173049,0.6403,57.5,0.792,41
150500000002,Carpiano,controprova,0.364532318250425,1,parking,2,,45.3423117,9.2722508,0.4511,41.8,0.524,130
150500000002,Carpiano,controprova,0.364532318250425,2,parking,2,,45.3432579,9.2741807,0.3246,114.1,0.524,12
150500000002,Carpiano,controprova,0.364532318250425,3,fitness,3,,45.3418896,9.2742681,0.2392,163.1,0.524,12
151050000004,Garbagnate Milanese,controprova,0.09629098402052483,1,food_drink,3,Amy Sushi,45.57885,9.0635495,0.3152,29.1,0.349,25
151050000004,Garbagnate Milanese,controprova,0.09629098402052483,2,parking,2,,45.5770664,9.0653691,0.3106,33.0,0.349,67
151050000004,Garbagnate Milanese,controprova,0.09629098402052483,3,parking,2,,45.5784517,9.0652528,0.2159,114.4,0.349,122
151850000013,Rodano,controprova,0.4176264837362592,1,parking,2,,45.4694613,9.3357154,0.2197,67.1,0.283,16
151850000013,Rodano,controprova,0.4176264837362592,2,parking,2,,45.4701999,9.3389802,0.0159,283.2,0.283,16
150960000003,Cuggiono,controprova,0.18399628290337566,1,fuel,1,Q8,45.5108214,8.8125329,0.5,21.7,0.539,18
152440000005,Vizzolo Predabissi,controprova,0.20658168521848053,1,parking,2,,45.3582063,9.3467811,0.1887,21.1,0.203,134
152440000005,Vizzolo Predabissi,controprova,0.20658168521848053,2,parking,2,,45.3601185,9.3472784,0.1675,52.4,0.203,133
152440000005,Vizzolo Predabissi,controprova,0.20658168521848053,3,parking,2,,45.3605398,9.3460321,0.1652,55.8,0.203,133
151060000004,Gessate,controprova,0.028318331231403704,1,parking,2,,45.5505117,9.434356,0.0706,122.0,0.119,8
151060000004,Gessate,controprova,0.028318331231403704,2,parking,2,,45.5498639,9.4330482,0.0389,201.9,0.119,8
151060000004,Gessate,controprova,0.028318331231403704,3,office,2,Studio tecnico Ronchi Costante,45.5505818,9.4365052,0.0284,228.4,0.119,8
151130000015,Inveruno,controprova,0.15069536834753705,1,parking,2,,45.5081849,8.8524177,0.1983,215.0,0.7,15
150350000001,Bubbiano,controprova,0.11507559731838024,1,parking,2,,45.3285483,9.0182505,0.2205,2.1,0.222,6
150350000001,Bubbiano,controprova,0.11507559731838024,2,parking,2,,45.3276266,9.0180085,0.2204,155.6,0.458,78
150350000001,Bubbiano,controprova,0.11507559731838024,3,parking,2,,45.3282008,9.0168806,0.1384,113.0,0.222,6
150970000016,Cusago,controprova,0.11227045918264278,1,parking,2,,45.4502265,9.0328115,0.2902,47.0,0.344,6
151100000003,Grezzago,controprova,0.14295670794529403,1,parking,2,,45.5912393,9.4980153,0.2078,52.6,0.252,14
151100000003,Grezzago,controprova,0.14295670794529403,2,parking,2,,45.5927372,9.502134,0.2072,22.6,0.224,6
151100000003,Grezzago,controprova,0.14295670794529403,3,parking,2,,45.5927664,9.5004117,0.1632,65.7,0.209,6
150420000001,Calvignasco,controprova,0.10494593182821699,1,parking,2,,45.3320659,9.0198049,0.5375,77.0,0.723,12
150420000001,Calvignasco,controprova,0.10494593182821699,2,parking,2,,45.3331854,9.0193945,0.5001,92.5,0.723,12
150420000001,Calvignasco,controprova,0.10494593182821699,3,parking,2,,45.3303614,9.0198934,0.4844,101.5,0.732,8
150440000005,Cambiago,controprova,0.20190645499225124,1,parking,2,,45.5734497,9.4215364,0.1036,240.9,0.526,11
151010000001,Dresano,controprova,0.19582288380898516,1,parking,2,,45.3723044,9.3601686,0.1863,36.3,0.212,127
151010000001,Dresano,controprova,0.19582288380898516,2,parking,2,,45.3751602,9.3597801,0.1314,114.1,0.212,123
152460000001,Zelo Surrigone,controprova,0.20719350547030801,1,food_drink,3,Antica trattoria San galdino,45.3867949,8.9827815,0.4917,57.4,0.608,23
152460000001,Zelo Surrigone,controprova,0.20719350547030801,2,parking,2,,45.3859483,8.9836014,0.3481,128.3,0.608,23
152460000001,Zelo Surrigone,controprova,0.20719350547030801,3,parking,2,,45.3881786,8.9840893,0.1244,238.6,0.608,23
151460003311,Milano,controprova,-0.008382226044495455,1,fuel,1,IP,45.438608,9.1528299,0.3973,11.4,0.413,65
151460003311,Milano,controprova,-0.008382226044495455,2,office,2,Aiello,45.43735,9.1538507,0.3372,114.1,0.544,41
150320000042,Bresso,controprova,0.2000652223476005,1,parking,2,,45.5366636,9.1871565,0.3128,172.3,0.735,10
152200000015,Trezzano sul Naviglio,controprova,0.03389541914016159,1,parking,2,,45.4238614,9.0706278,0.2489,187.9,0.666,7
151460001213,Milano,controprova,-0.03486509652041658,1,food_drink,3,Sushi Plus,45.5170385,9.2258505,0.3394,16.4,0.359,6
150400000009,Bussero,controprova,0.2893996369481714,1,parking,2,,45.5351111,9.3711374,0.5595,7.6,0.574,10
150400000009,Bussero,controprova,0.2893996369481714,2,parking,2,,45.5334946,9.372699,0.173,209.6,0.574,10
150400000009,Bussero,controprova,0.2893996369481714,3,parking,2,,45.5364725,9.373069,0.1604,216.2,0.574,10
151460003080,Milano,controprova,-0.02182206997261238,1,food_drink,3,,45.4137857,9.170237,0.1592,17.5,0.169,7
151140000010,Inzago,controprova,0.29142557004620406,1,parking,2,,45.5377427,9.4788459,0.6211,37.2,0.709,36
151140000010,Inzago,controprova,0.29142557004620406,2,parking,2,,45.5381051,9.4769528,0.5777,55.6,0.709,34
151140000010,Inzago,controprova,0.29142557004620406,3,parking,2,,45.5357814,9.47724,0.3676,46.5,0.435,5
151460002766,Milano,controprova,0.014269552996043378,1,parking,2,,45.437229,9.2119968,0.1108,244.6,0.6,52
151460001527,Milano,controprova,-0.060016103570779245,1,food_drink,3,Caffè Teatro,45.4703989,9.2134188,0.2937,44.6,0.345,8
151950000031,San Giuliano Milanese,controprova,0.27139422868802077,1,parking,2,,45.3957054,9.2882616,0.1297,44.0,0.152,32
151310000007,Magnago,controprova,0.06892790044645569,1,parking,2,,45.576919,8.8169715,0.9403,6.8,0.962,7
151460005385,Milano,controprova,-0.019369017076134143,1,food_drink,3,,45.4913632,9.1849462,0.5953,11.9,0.62,18
