SEZ2011,COMUNE,gap_score,colonnine_necessarie,gap_score_dopo
150220000002,Besate,0.8458,3,0.3564
150590000040,Cassano d'Adda,0.809,2,0.4197
150220000001,Besate,0.8066,2,0.3881
151390000012,Mediglia,0.8052,3,0.3496
150990000006,Dairago,0.771,2,0.424
150990000004,Dairago,0.7677,2,0.4263
151390000005,Mediglia,0.7604,3,0.3575
151390000004,Mediglia,0.7586,1,0.4245
151830000004,Robecchetto con Induno,0.7554,2,0.3889
150990000005,Dairago,0.7543,2,0.4127
152240000010,Truccazzano,0.7477,2,0.3942
151060000002,Gessate,0.7425,3,0.3594
151460002842,Milano,0.7417,3,0.358
152360000001,Vernate,0.7404,2,0.3622
150770000370,Cinisello Balsamo,0.7379,2,0.4235
150770000308,Cinisello Balsamo,0.7375,3,0.3526
151830000005,Robecchetto con Induno,0.736,2,0.3794
151590000014,Opera,0.7351,3,0.3535
150770000455,Cinisello Balsamo,0.7343,3,0.3552
151590000013,Opera,0.734,3,0.3498
151390000006,Mediglia,0.7321,2,0.3903
151590000022,Opera,0.7309,3,0.3542
150990000018,Dairago,0.7298,1,0.409
150770000392,Cinisello Balsamo,0.7273,2,0.3995
151390000001,Mediglia,0.7264,1,0.4186
151060000024,Gessate,0.7259,3,0.3529
151840000008,Robecco sul Naviglio,0.7257,2,0.4057
152360000004,Vernate,0.7249,2,0.4098
151780000006,Pozzuolo Martesana,0.7249,2,0.4266
150270000046,Bollate,0.7233,2,0.4281
151840000006,Robecco sul Naviglio,0.723,2,0.412
151840000003,Robecco sul Naviglio,0.7196,2,0.3991
151780000010,Pozzuolo Martesana,0.7181,2,0.4258
151030000093,Gaggiano,0.7171,1,0.4287
150990000001,Dairago,0.7159,2,0.3611
150770000393,Cinisello Balsamo,0.7141,2,0.3696
150770000310,Cinisello Balsamo,0.7121,2,0.4022
151660000079,Paderno Dugnano,0.7119,2,0.4257
151390000003,Mediglia,0.7112,1,0.3803
151840000004,Robecco sul Naviglio,0.7108,2,0.3801
151460002739,Milano,0.7106,2,0.3934
150270000044,Bollate,0.7092,2,0.4279
150410000011,Busto Garolfo,0.7032,2,0.3815
150720000017,Cerro Maggiore,0.6999,3,0.3597
150700000003,Cernusco sul Naviglio,0.6971,3,0.3505
151060000001,Gessate,0.6956,3,0.3523
150990000002,Dairago,0.6943,2,0.3842
151460002738,Milano,0.6941,2,0.3974
151720000033,Pessano con Bornago,0.6918,3,0.3592
151780000007,Pozzuolo Martesana,0.6871,2,0.4034
150850000020,Corbetta,0.6859,2,0.387
150770000233,Cinisello Balsamo,0.6852,2,0.415
151840000007,Robecco sul Naviglio,0.6833,2,0.3608
150770000367,Cinisello Balsamo,0.6831,2,0.4191
151780000005,Pozzuolo Martesana,0.6814,2,0.372
151720000002,Pessano con Bornago,0.6811,3,0.3545
151730000021,Pieve Emanuele,0.6809,2,0.4281
150270000045,Bollate,0.6788,2,0.3929
151660000293,Paderno Dugnano,0.678,3,0.3608
151650000001,Ozzero,0.6777,2,0.3995
150990000003,Dairago,0.6763,2,0.4111
150410000013,Busto Garolfo,0.6729,2,0.3595
151030000118,Gaggiano,0.6721,2,0.3684
150700000005,Cernusco sul Naviglio,0.671,2,0.4137
150770000365,Cinisello Balsamo,0.6704,2,0.3919
150700000008,Cernusco sul Naviglio,0.6704,2,0.4098
150720000018,Cerro Maggiore,0.669,3,0.3612
150700000013,Cernusco sul Naviglio,0.6688,3,0.3516
151590000012,Opera,0.6679,2,0.4028
150700000012,Cernusco sul Naviglio,0.6655,2,0.4175
151840000015,Robecco sul Naviglio,0.665,3,0.3511
150410000004,Busto Garolfo,0.6645,2,0.4059
150440000002,Cambiago,0.6644,2,0.4257
151080000032,Gorgonzola,0.6638,2,0.3823
151500000009,Morimondo,0.6629,1,0.2742
150700000002,Cernusco sul Naviglio,0.6628,2,0.3759
151780000015,Pozzuolo Martesana,0.6626,2,0.4058
151660000084,Paderno Dugnano,0.6619,2,0.4099
152060000014,Senago,0.6615,2,0.3799
151460003040,Milano,0.6593,2,0.4254
151500000002,Morimondo,0.6585,2,0.3718
150410000012,Busto Garolfo,0.657,1,0.3872
151150000010,Lacchiarella,0.6557,1,0.3324
151720000007,Pessano con Bornago,0.6556,3,0.3601
151460004257,Milano,0.6548,2,0.4215
150770000394,Cinisello Balsamo,0.6547,1,0.3958
151650000002,Ozzero,0.6528,2,0.4182
150700000001,Cernusco sul Naviglio,0.6527,2,0.366
151080000012,Gorgonzola,0.6526,3,0.3545
150440000018,Cambiago,0.6516,2,0.4196
151780000003,Pozzuolo Martesana,0.6513,2,0.3881
151660000080,Paderno Dugnano,0.6512,1,0.4278
151660000007,Paderno Dugnano,0.6511,2,0.4179
151390000002,Mediglia,0.6509,1,0.3425
151660000119,Paderno Dugnano,0.6505,2,0.3841
150990000017,Dairago,0.6484,1,0.3331
150410000014,Busto Garolfo,0.6483,2,0.377
150770000408,Cinisello Balsamo,0.6481,3,0.3623
152050000050,Segrate,0.6471,2,0.4138
151780000004,Pozzuolo Martesana,0.6459,2,0.4015
151460004432,Milano,0.6449,2,0.4147
151660000018,Paderno Dugnano,0.6431,2,0.368
150590000039,Cassano d'Adda,0.6426,1,0.3407
150020000226,Abbiategrasso,0.6421,2,0.4274
151460004442,Milano,0.6414,2,0.3786
151660000114,Paderno Dugnano,0.6397,2,0.4255
151460004443,Milano,0.6395,2,0.3594
152200000021,Trezzano sul Naviglio,0.6391,3,0.3534
151570000124,Novate Milanese,0.6373,2,0.4219
151060000018,Gessate,0.6364,3,0.3508
151180000073,Legnano,0.635,2,0.4281
151460002737,Milano,0.6336,2,0.3757
150970000048,Cusago,0.6333,2,0.3962
150700000030,Cernusco sul Naviglio,0.633,3,0.3591
150700000004,Cernusco sul Naviglio,0.6319,2,0.414
151660000081,Paderno Dugnano,0.6312,1,0.3957
150770000407,Cinisello Balsamo,0.6306,2,0.4282
150500000006,Carpiano,0.6302,1,0.3855
150770000005,Cinisello Balsamo,0.6297,2,0.3917
150410000016,Busto Garolfo,0.629,2,0.4235
150770000307,Cinisello Balsamo,0.6287,1,0.42
150770000139,Cinisello Balsamo,0.6284,2,0.3793
150700000034,Cernusco sul Naviglio,0.627,3,0.3603
151840000010,Robecco sul Naviglio,0.6267,1,0.3982
151710000159,Peschiera Borromeo,0.626,1,0.4149
150120000042,Bareggio,0.6256,2,0.402
150700000026,Cernusco sul Naviglio,0.6248,3,0.3595
150700000064,Cernusco sul Naviglio,0.6248,2,0.4221
150700000065,Cernusco sul Naviglio,0.6244,2,0.4266
150700000031,Cernusco sul Naviglio,0.6243,3,0.3607
150440000003,Cambiago,0.6242,2,0.4146
151060000025,Gessate,0.6241,1,0.3986
150770000363,Cinisello Balsamo,0.6228,2,0.3682
150770000409,Cinisello Balsamo,0.6227,3,0.3586
150860000038,Cormano,0.6216,2,0.3755
150990000014,Dairago,0.6212,1,0.3259
150700000017,Cernusco sul Naviglio,0.6206,2,0.4226
151300000230,Magenta,0.6202,2,0.3926
150700000011,Cernusco sul Naviglio,0.6201,2,0.4058
150700000018,Cernusco sul Naviglio,0.6195,2,0.3988
150720000020,Cerro Maggiore,0.6194,2,0.3738
150410000015,Busto Garolfo,0.6193,2,0.3824
152110000030,Settimo Milanese,0.6184,2,0.428
150700000007,Cernusco sul Naviglio,0.6183,2,0.4023
151700000040,Pero,0.6176,2,0.3915
150770000237,Cinisello Balsamo,0.6168,2,0.3644
150140000002,Basiano,0.6153,3,0.3572
151570000123,Novate Milanese,0.6152,2,0.4165
151730000022,Pieve Emanuele,0.6136,2,0.4207
151660000262,Paderno Dugnano,0.6136,2,0.3738
151460002845,Milano,0.6135,1,0.3423
151720000005,Pessano con Bornago,0.6127,3,0.3625
150720000016,Cerro Maggiore,0.6125,2,0.415
150120000032,Bareggio,0.6122,2,0.3796
151540000021,Nerviano,0.6116,2,0.4199
150700000024,Cernusco sul Naviglio,0.6112,2,0.419
150770000230,Cinisello Balsamo,0.6111,1,0.4189
150770000002,Cinisello Balsamo,0.611,2,0.4142
151460004258,Milano,0.6103,2,0.4184
150590000004,Cassano d'Adda,0.6091,2,0.4153
151460004438,Milano,0.609,2,0.3912
150770000004,Cinisello Balsamo,0.6084,2,0.4242
150700000027,Cernusco sul Naviglio,0.6077,2,0.4263
151390000007,Mediglia,0.6075,2,0.3853
150440000015,Cambiago,0.6068,2,0.4156
150770000036,Cinisello Balsamo,0.6068,2,0.4112
151660000296,Paderno Dugnano,0.606,2,0.37
150120000016,Bareggio,0.6054,2,0.3643
150120000001,Bareggio,0.605,2,0.4207
151660000008,Paderno Dugnano,0.6039,2,0.4194
151700000029,Pero,0.6037,1,0.4133
150410000005,Busto Garolfo,0.6033,2,0.4098
151400000035,Melegnano,0.6032,3,0.3592
150440000014,Cambiago,0.6031,2,0.4072
152000000005,Santo Stefano Ticino,0.603,2,0.3886
151660000240,Paderno Dugnano,0.6017,2,0.4149
150770000021,Cinisello Balsamo,0.601,2,0.3586
151140000012,Inzago,0.5994,2,0.3579
150440000008,Cambiago,0.5991,3,0.3557
151420000028,Melzo,0.5984,2,0.4247
151420000026,Melzo,0.5981,3,0.352
152370000018,Vignate,0.5981,2,0.4183
150600000026,Cassina de' Pecchi,0.5979,3,0.3603
151460004441,Milano,0.5977,1,0.4154
151300000220,Magenta,0.5976,1,0.3696
150770000368,Cinisello Balsamo,0.5968,1,0.3941
150770000011,Cinisello Balsamo,0.5967,2,0.4081
151030000138,Gaggiano,0.5967,1,0.3446
150410000003,Busto Garolfo,0.5965,1,0.4001
150970000002,Cusago,0.5958,2,0.4099
151030000117,Gaggiano,0.5954,1,0.3651
150770000216,Cinisello Balsamo,0.5949,2,0.3917
150770000153,Cinisello Balsamo,0.5946,3,0.3548
151720000006,Pessano con Bornago,0.594,3,0.3633
150770000141,Cinisello Balsamo,0.5939,2,0.3571
151660000294,Paderno Dugnano,0.5938,2,0.4095
150720000012,Cerro Maggiore,0.5914,2,0.4244
151780000009,Pozzuolo Martesana,0.5907,1,0.4066
151840000014,Robecco sul Naviglio,0.5907,2,0.3714
151660000053,Paderno Dugnano,0.5903,2,0.398
150410000028,Busto Garolfo,0.5901,2,0.3822
151660000086,Paderno Dugnano,0.5899,2,0.3915
151140000011,Inzago,0.5891,2,0.363
150770000229,Cinisello Balsamo,0.5884,1,0.4269
150050000021,Albairate,0.5884,1,0.312
151660000087,Paderno Dugnano,0.5873,2,0.4027
151660000201,Paderno Dugnano,0.587,2,0.3637
151390000014,Mediglia,0.5868,1,0.3453
151780000013,Pozzuolo Martesana,0.5862,2,0.405
151660000113,Paderno Dugnano,0.5858,2,0.3694
150770000017,Cinisello Balsamo,0.5849,2,0.3949
151400000034,Melegnano,0.5845,3,0.3543
151080000022,Gorgonzola,0.5843,2,0.4138
151460004447,Milano,0.5842,2,0.4057
151950000009,San Giuliano Milanese,0.5833,3,0.3522
151660000118,Paderno Dugnano,0.5832,2,0.3686
150770000364,Cinisello Balsamo,0.5831,1,0.4074
151460004435,Milano,0.5831,2,0.4137
150700000022,Cernusco sul Naviglio,0.5828,2,0.4258
150770000142,Cinisello Balsamo,0.5826,2,0.3819
151460004489,Milano,0.5823,2,0.4186
151180000085,Legnano,0.5821,3,0.3567
151300000058,Magenta,0.5817,2,0.4032
150770000235,Cinisello Balsamo,0.5807,1,0.3865
150770000458,Cinisello Balsamo,0.5807,3,0.3607
150410000001,Busto Garolfo,0.5804,2,0.3579
150770000143,Cinisello Balsamo,0.5804,1,0.4044
152010000013,San Vittore Olona,0.5804,2,0.3655
151780000016,Pozzuolo Martesana,0.5801,1,0.3996
150700000009,Cernusco sul Naviglio,0.5798,1,0.3986
151660000203,Paderno Dugnano,0.5786,1,0.388
151730000018,Pieve Emanuele,0.5785,3,0.35
150770000218,Cinisello Balsamo,0.5782,1,0.4184
150770000006,Cinisello Balsamo,0.5779,2,0.386
150770000010,Cinisello Balsamo,0.5776,2,0.4193
151660000210,Paderno Dugnano,0.5751,1,0.3789
151460004981,Milano,0.5745,3,0.349
150870000004,Cornaredo,0.5743,2,0.426
151400000037,Melegnano,0.5741,2,0.37
151660000111,Paderno Dugnano,0.574,2,0.3833
151300000039,Magenta,0.5739,1,0.3817
151840000012,Robecco sul Naviglio,0.5738,1,0.3557
150700000014,Cernusco sul Naviglio,0.5737,3,0.362
151460004434,Milano,0.5734,2,0.4064
151660000261,Paderno Dugnano,0.5724,1,0.3948
151730000017,Pieve Emanuele,0.5723,2,0.4187
150720000015,Cerro Maggiore,0.5721,2,0.4106
151730000020,Pieve Emanuele,0.5718,2,0.4164
150770000022,Cinisello Balsamo,0.5716,2,0.3702
151780000001,Pozzuolo Martesana,0.5711,2,0.3753
150270000047,Bollate,0.5711,3,0.3588
151570000053,Novate Milanese,0.5706,1,0.4229
151300000006,Magenta,0.5702,2,0.3956
151460006077,Milano,0.5698,2,0.3859
150770000062,Cinisello Balsamo,0.5697,3,0.3533
151460003225,Milano,0.5687,2,0.4028
151720000008,Pessano con Bornago,0.5684,2,0.4002
150770000058,Cinisello Balsamo,0.5681,1,0.3994
151460001263,Milano,0.5672,3,0.3555
151460002843,Milano,0.567,1,0.2864
152110000135,Settimo Milanese,0.5668,2,0.4062
150120000002,Bareggio,0.5668,2,0.4128
152110000025,Settimo Milanese,0.5661,2,0.4206
151300000027,Magenta,0.566,2,0.3779
151590000046,Opera,0.5656,2,0.3823
151030000119,Gaggiano,0.5644,1,0.3289
150870000003,Cornaredo,0.5643,2,0.4129
151890000215,Rozzano,0.5643,2,0.3677
152010000007,San Vittore Olona,0.5631,3,0.3545
150770000012,Cinisello Balsamo,0.5626,1,0.4285
151660000129,Paderno Dugnano,0.5623,1,0.4265
151840000005,Robecco sul Naviglio,0.5621,1,0.2892
151660000082,Paderno Dugnano,0.5621,1,0.3574
151150000005,Lacchiarella,0.5617,2,0.3664
151660000200,Paderno Dugnano,0.5614,2,0.4159
150600000048,Cassina de' Pecchi,0.5613,2,0.3981
150270000043,Bollate,0.5608,2,0.4
151400000039,Melegnano,0.5606,2,0.4069
151830000002,Robecchetto con Induno,0.5606,1,0.4012
151840000020,Robecco sul Naviglio,0.5601,1,0.4243
150770000019,Cinisello Balsamo,0.5601,1,0.416
150770000003,Cinisello Balsamo,0.5599,2,0.3736
150320000089,Bresso,0.5592,2,0.4175
150700000028,Cernusco sul Naviglio,0.5587,2,0.3594
151460006078,Milano,0.5576,2,0.3906
151660000001,Paderno Dugnano,0.5576,1,0.3978
151590000038,Opera,0.5572,2,0.4132
150400000002,Bussero,0.5571,3,0.3637
150700000029,Cernusco sul Naviglio,0.5569,3,0.355
152130000011,Solaro,0.5563,2,0.3687
151730000019,Pieve Emanuele,0.5561,2,0.4075
150860000037,Cormano,0.5559,1,0.4245
151780000014,Pozzuolo Martesana,0.5558,2,0.3731
151840000047,Robecco sul Naviglio,0.5546,1,0.3597
151400000006,Melegnano,0.5541,3,0.3603
152110000153,Settimo Milanese,0.5538,3,0.357
152060000016,Senago,0.5537,2,0.4267
151700000031,Pero,0.5535,1,0.3297
151460004436,Milano,0.5535,1,0.4062
151300000071,Magenta,0.553,2,0.3772
152000000003,Santo Stefano Ticino,0.553,2,0.3973
151660000372,Paderno Dugnano,0.5527,2,0.3611
151460003224,Milano,0.5527,2,0.3967
151030000092,Gaggiano,0.5522,1,0.2982
150410000002,Busto Garolfo,0.552,2,0.3672
152110000140,Settimo Milanese,0.5515,2,0.4158
151460002750,Milano,0.5513,2,0.3556
150770000112,Cinisello Balsamo,0.5513,2,0.3999
150140000001,Basiano,0.5502,3,0.3606
150770000033,Cinisello Balsamo,0.5502,2,0.3878
152480000014,Villa Cortese,0.5497,2,0.4168
150770000401,Cinisello Balsamo,0.5492,2,0.3967
150590000086,Cassano d'Adda,0.549,2,0.373
151660000232,Paderno Dugnano,0.5489,1,0.3948
152110000014,Settimo Milanese,0.5481,2,0.4274
151590000006,Opera,0.548,2,0.3922
151060000020,Gessate,0.548,1,0.4213
151460001265,Milano,0.5479,2,0.3639
151660000117,Paderno Dugnano,0.5474,1,0.3729
151030000145,Gaggiano,0.5473,1,0.2748
150860000049,Cormano,0.5457,2,0.4086
151180000034,Legnano,0.5454,3,0.3511
151460003060,Milano,0.5452,1,0.4104
151460004976,Milano,0.545,3,0.3514
150960000007,Cuggiono,0.5449,2,0.3574
151660000061,Paderno Dugnano,0.5449,1,0.4254
151300000017,Magenta,0.5446,1,0.3953
150090000065,Arese,0.5439,3,0.356
151950000113,San Giuliano Milanese,0.5439,2,0.4092
151400000040,Melegnano,0.5436,3,0.3593
152110000124,Settimo Milanese,0.5435,1,0.3908
150600000019,Cassina de' Pecchi,0.5435,3,0.3615
151500000001,Morimondo,0.5434,1,0.4023
151300000090,Magenta,0.5432,2,0.3628
151660000028,Paderno Dugnano,0.5427,2,0.4267
150700000019,Cernusco sul Naviglio,0.5427,2,0.3901
151300000321,Magenta,0.5419,1,0.3436
150410000010,Busto Garolfo,0.5417,1,0.3255
151660000015,Paderno Dugnano,0.5417,2,0.365
151460002844,Milano,0.5409,1,0.2418
151150000006,Lacchiarella,0.5409,2,0.3589
151460002567,Milano,0.5404,2,0.4025
151460003223,Milano,0.5401,3,0.3591
151060000003,Gessate,0.54,1,0.3324
150700000006,Cernusco sul Naviglio,0.5394,1,0.3709
151810000019,Rescaldina,0.5392,2,0.4275
151810000020,Rescaldina,0.5391,2,0.365
151460002565,Milano,0.5388,3,0.3506
151460004233,Milano,0.5381,2,0.3754
151180000041,Legnano,0.538,3,0.3548
151460003112,Milano,0.538,2,0.4215
151300000080,Magenta,0.5375,2,0.3771
151570000119,Novate Milanese,0.5375,2,0.3737
152020000003,San Zenone al Lambro,0.5371,2,0.3646
151660000004,Paderno Dugnano,0.537,1,0.3587
151300000304,Magenta,0.5369,3,0.3645
151080000009,Gorgonzola,0.5369,2,0.4275
150770000121,Cinisello Balsamo,0.5361,2,0.3773
151050000014,Garbagnate Milanese,0.535,2,0.3948
150440000001,Cambiago,0.5344,2,0.4246
151570000032,Novate Milanese,0.534,1,0.4171
151300000013,Magenta,0.534,1,0.3854
150770000502,Cinisello Balsamo,0.5332,1,0.4232
150770000241,Cinisello Balsamo,0.5331,1,0.4281
151460004433,Milano,0.533,2,0.3593
151400000038,Melegnano,0.5324,2,0.3975
151590000023,Opera,0.5324,3,0.3579
151460001266,Milano,0.5318,2,0.4108
151660000020,Paderno Dugnano,0.5318,1,0.3322
152110000120,Settimo Milanese,0.5314,1,0.4262
151460003066,Milano,0.5314,1,0.4006
150720000013,Cerro Maggiore,0.531,1,0.3984
151460004446,Milano,0.5308,1,0.3866
151660000295,Paderno Dugnano,0.5303,1,0.3677
151460002751,Milano,0.5302,1,0.4265
152370000008,Vignate,0.5302,3,0.3562
151180000035,Legnano,0.5295,2,0.3806
150970000047,Cusago,0.5293,1,0.3455
150600000053,Cassina de' Pecchi,0.529,3,0.3504
150960000008,Cuggiono,0.5285,2,0.3582
151300000040,Magenta,0.5277,1,0.3468
151840000038,Robecco sul Naviglio,0.5276,1,0.2843
150770000234,Cinisello Balsamo,0.5273,1,0.3441
151660000348,Paderno Dugnano,0.5269,1,0.3723
150770000398,Cinisello Balsamo,0.5268,2,0.3737
150320000087,Bresso,0.5266,2,0.3817
150720000006,Cerro Maggiore,0.5263,2,0.3867
151660000272,Paderno Dugnano,0.526,1,0.3861
151890000097,Rozzano,0.5256,2,0.4265
151660000231,Paderno Dugnano,0.5256,1,0.3676
151030000151,Gaggiano,0.5254,1,0.3982
151300000264,Magenta,0.5248,1,0.2484
150780000005,Cisliano,0.5245,2,0.3553
152370000007,Vignate,0.5245,2,0.4265
151050000029,Garbagnate Milanese,0.5244,2,0.4214
151460004979,Milano,0.5244,1,0.4042
151570000082,Novate Milanese,0.5242,2,0.4174
151840000017,Robecco sul Naviglio,0.5237,1,0.4081
150770000038,Cinisello Balsamo,0.5235,2,0.3904
151660000024,Paderno Dugnano,0.5235,2,0.3648
151660000055,Paderno Dugnano,0.5234,2,0.4067
150770000437,Cinisello Balsamo,0.5233,1,0.4103
152060000005,Senago,0.5232,2,0.4141
151660000014,Paderno Dugnano,0.523,2,0.3863
150870000009,Cornaredo,0.5228,3,0.3511
150700000035,Cernusco sul Naviglio,0.5226,3,0.3615
151300000041,Magenta,0.5223,1,0.3532
151030000091,Gaggiano,0.5214,1,0.2604
151300000279,Magenta,0.5212,1,0.3887
150700000016,Cernusco sul Naviglio,0.5212,2,0.4074
150440000004,Cambiago,0.5207,2,0.3948
151300000004,Magenta,0.5205,1,0.3724
151400000003,Melegnano,0.5205,3,0.3583
151460003064,Milano,0.52,1,0.3719
150260000008,Boffalora sopra Ticino,0.5198,1,0.3489
152050000042,Segrate,0.5196,3,0.3554
151460003062,Milano,0.5196,1,0.3849
150270000049,Bollate,0.5194,2,0.3959
150700000050,Cernusco sul Naviglio,0.5192,3,0.3542
150720000011,Cerro Maggiore,0.5191,2,0.3867
151700000088,Pero,0.519,3,0.3577
151460004259,Milano,0.5186,2,0.3571
150770000306,Cinisello Balsamo,0.5186,1,0.2966
150820000002,Colturano,0.5184,2,0.422
151570000101,Novate Milanese,0.5184,1,0.3762
150770000060,Cinisello Balsamo,0.5184,1,0.4172
151570000092,Novate Milanese,0.5182,2,0.3609
152060000023,Senago,0.5182,2,0.3647
151570000065,Novate Milanese,0.518,1,0.3991
151080000045,Gorgonzola,0.518,2,0.3817
151030000077,Gaggiano,0.5177,1,0.2284
151300000073,Magenta,0.5175,2,0.4222
150770000109,Cinisello Balsamo,0.517,2,0.403
151730000025,Pieve Emanuele,0.517,2,0.4224
151660000063,Paderno Dugnano,0.5169,2,0.3588
152130000009,Solaro,0.5168,2,0.4173
151780000002,Pozzuolo Martesana,0.5168,2,0.4132
151810000010,Rescaldina,0.5168,2,0.3633
151460004975,Milano,0.5167,3,0.3558
151660000121,Paderno Dugnano,0.5166,1,0.288
152430000088,Vittuone,0.5164,2,0.3714
151570000003,Novate Milanese,0.5163,2,0.3875
150700000032,Cernusco sul Naviglio,0.5158,2,0.4178
151300000260,Magenta,0.5156,1,0.2469
151460001262,Milano,0.5155,2,0.3817
151420000022,Melzo,0.5151,2,0.402
151180000029,Legnano,0.5151,2,0.3786
151300000048,Magenta,0.515,1,0.3727
151300000011,Magenta,0.5148,1,0.389
151710000120,Peschiera Borromeo,0.5145,2,0.4148
150500000014,Carpiano,0.5144,1,0.3015
150860000027,Cormano,0.514,2,0.4089
152060000027,Senago,0.5139,1,0.2512
151660000044,Paderno Dugnano,0.5136,1,0.341
152060000011,Senago,0.5131,2,0.3596
151460003283,Milano,0.5125,2,0.4089
150410000019,Busto Garolfo,0.5123,1,0.4166
152110000007,Settimo Milanese,0.5123,3,0.3523
151840000030,Robecco sul Naviglio,0.5122,1,0.2165
151080000023,Gorgonzola,0.5118,2,0.4096
151460004993,Milano,0.5111,2,0.4193
151850000008,Rodano,0.5111,1,0.306
150550000005,Casarile,0.5105,1,0.3647
150050000022,Albairate,0.5105,1,0.2086
150770000236,Cinisello Balsamo,0.5103,1,0.3209
150600000036,Cassina de' Pecchi,0.5092,2,0.4179
150700000015,Cernusco sul Naviglio,0.509,2,0.3554
152110000011,Settimo Milanese,0.5085,1,0.3722
150770000362,Cinisello Balsamo,0.508,1,0.2668
151300000289,Magenta,0.508,1,0.2512
152040000030,Sedriano,0.5078,2,0.4025
152110000037,Settimo Milanese,0.5077,2,0.4116
151890000094,Rozzano,0.5075,2,0.4263
150140000012,Basiano,0.5072,2,0.3904
152370000009,Vignate,0.5067,2,0.3532
151460003226,Milano,0.5061,1,0.4137
150850000055,Corbetta,0.506,2,0.407
151660000021,Paderno Dugnano,0.506,1,0.3211
151570000125,Novate Milanese,0.5059,1,0.343
151950000118,San Giuliano Milanese,0.5056,2,0.3788
151400000004,Melegnano,0.5055,2,0.3836
151570000002,Novate Milanese,0.5047,2,0.4102
151570000109,Novate Milanese,0.5045,2,0.3906
151660000214,Paderno Dugnano,0.5042,1,0.2815
151460003222,Milano,0.5041,2,0.3564
151700000073,Pero,0.5037,2,0.3821
151460003285,Milano,0.5034,2,0.3736
151660000027,Paderno Dugnano,0.5032,2,0.4225
152110000134,Settimo Milanese,0.5031,1,0.348
150590000010,Cassano d'Adda,0.5025,1,0.3321
150120000034,Bareggio,0.5022,1,0.42
151460001267,Milano,0.5015,2,0.4038
150770000122,Cinisello Balsamo,0.5015,1,0.4246
150770000316,Cinisello Balsamo,0.5012,1,0.326
151720000009,Pessano con Bornago,0.5012,1,0.3234
151570000060,Novate Milanese,0.5011,2,0.3888
150770000015,Cinisello Balsamo,0.5005,2,0.3716
151570000108,Novate Milanese,0.5,1,0.4157
151460003114,Milano,0.4996,2,0.3992
150770000231,Cinisello Balsamo,0.4995,1,0.3058
150770000184,Cinisello Balsamo,0.4995,2,0.3766
151570000058,Novate Milanese,0.499,2,0.3915
151460004250,Milano,0.4988,1,0.4035
150090000007,Arese,0.4988,2,0.4
151460003248,Milano,0.4982,2,0.3878
150740000028,Cesano Boscone,0.498,1,0.4245
151460003252,Milano,0.4976,2,0.3962
151570000085,Novate Milanese,0.4974,2,0.3957
151220000012,Liscate,0.4973,1,0.351
151460004980,Milano,0.4972,2,0.3654
150770000383,Cinisello Balsamo,0.4968,2,0.3558
151660000184,Paderno Dugnano,0.4968,2,0.3742
151300000168,Magenta,0.4965,1,0.3771
151460004266,Milano,0.4962,2,0.4148
152370000031,Vignate,0.4959,1,0.3532
151580000063,Noviglio,0.4956,2,0.374
151660000052,Paderno Dugnano,0.4955,1,0.3497
151460001275,Milano,0.4955,2,0.3954
151660000064,Paderno Dugnano,0.4955,1,0.4133
150990000016,Dairago,0.4955,1,0.3643
151840000018,Robecco sul Naviglio,0.4953,1,0.3848
151460004268,Milano,0.4947,1,0.4129
150090000101,Arese,0.4941,2,0.4107
151300000010,Magenta,0.494,1,0.3829
150590000052,Cassano d'Adda,0.4939,2,0.3639
150090000097,Arese,0.4938,2,0.3966
151300000056,Magenta,0.4936,2,0.3782
151660000375,Paderno Dugnano,0.4932,1,0.315
151660000025,Paderno Dugnano,0.4927,2,0.3935
150050000018,Albairate,0.4926,1,0.369
151570000120,Novate Milanese,0.492,1,0.4198
151300000036,Magenta,0.4918,1,0.379
150770000023,Cinisello Balsamo,0.4918,1,0.3994
150700000070,Cernusco sul Naviglio,0.4917,1,0.4182
151060000028,Gessate,0.4916,2,0.3555
151460002824,Milano,0.4906,2,0.4058
150320000084,Bresso,0.4905,2,0.3573
151570000005,Novate Milanese,0.4905,1,0.4118
150600000041,Cassina de' Pecchi,0.4901,2,0.3979
151390000008,Mediglia,0.4901,1,0.2902
151460003059,Milano,0.49,1,0.3647
151050000018,Garbagnate Milanese,0.49,2,0.4031
151150000009,Lacchiarella,0.4896,1,0.2946
151030000062,Gaggiano,0.489,1,0.3733
151300000221,Magenta,0.4888,1,0.2644
150770000382,Cinisello Balsamo,0.4878,1,0.2394
151810000007,Rescaldina,0.4877,1,0.4143
150860000035,Cormano,0.4877,2,0.3871
151460005187,Milano,0.4877,1,0.394
151180000031,Legnano,0.4874,1,0.3856
150090000100,Arese,0.4867,1,0.4163
151700000075,Pero,0.4864,1,0.397
151420000024,Melzo,0.4863,2,0.3631
150360000044,Buccinasco,0.4862,1,0.2652
151750000047,Pioltello,0.4862,2,0.3804
150770000009,Cinisello Balsamo,0.4862,2,0.3636
151030000141,Gaggiano,0.4861,1,0.2152
150600000011,Cassina de' Pecchi,0.4858,1,0.3535
151460004774,Milano,0.4857,1,0.4122
150770000311,Cinisello Balsamo,0.4854,1,0.2666
150770000151,Cinisello Balsamo,0.4852,1,0.4047
150770000239,Cinisello Balsamo,0.4849,1,0.3475
151660000290,Paderno Dugnano,0.4849,1,0.4
150150000013,Basiglio,0.4845,1,0.3885
151180000030,Legnano,0.4842,2,0.38
150720000005,Cerro Maggiore,0.4836,2,0.3917
151650000003,Ozzero,0.4836,1,0.1315
151570000118,Novate Milanese,0.4835,2,0.3854
151570000126,Novate Milanese,0.4833,1,0.3241
150380000015,Buscate,0.4832,1,0.3346
151460004777,Milano,0.4832,2,0.4004
151820000322,Rho,0.483,2,0.4022
151300000002,Magenta,0.4828,1,0.3518
150770000049,Cinisello Balsamo,0.4826,1,0.3828
151890000099,Rozzano,0.4823,2,0.3567
151660000271,Paderno Dugnano,0.4822,1,0.3809
150020000203,Abbiategrasso,0.4821,1,0.4074
150700000021,Cernusco sul Naviglio,0.4819,1,0.4275
150740000029,Cesano Boscone,0.4816,2,0.3553
151890000031,Rozzano,0.4813,1,0.4078
151890000216,Rozzano,0.4807,1,0.3797
151460004139,Milano,0.4806,2,0.3763
151660000060,Paderno Dugnano,0.4801,1,0.4135
151660000076,Paderno Dugnano,0.4801,1,0.2714
150740000003,Cesano Boscone,0.4787,2,0.3963
152370000012,Vignate,0.4785,1,0.3713
150770000149,Cinisello Balsamo,0.4784,1,0.3626
151570000088,Novate Milanese,0.4784,2,0.3762
151570000008,Novate Milanese,0.4783,1,0.375
150770000418,Cinisello Balsamo,0.4783,1,0.3858
151460004130,Milano,0.4782,2,0.3707
150120000115,Bareggio,0.4778,1,0.2972
151460004262,Milano,0.4775,1,0.4266
151460003113,Milano,0.4773,1,0.352
151400000005,Melegnano,0.4771,1,0.4147
151300000037,Magenta,0.4767,1,0.3147
150770000410,Cinisello Balsamo,0.4764,1,0.4134
150770000035,Cinisello Balsamo,0.4763,1,0.3603
151660000115,Paderno Dugnano,0.4762,1,0.321
150770000238,Cinisello Balsamo,0.4748,1,0.3048
150770000020,Cinisello Balsamo,0.4746,1,0.3469
151720000011,Pessano con Bornago,0.4746,1,0.3074
151460003227,Milano,0.4741,1,0.4111
151660000289,Paderno Dugnano,0.4739,1,0.4114
151590000044,Opera,0.4736,2,0.3872
151460004131,Milano,0.4732,1,0.4232
151460004196,Milano,0.4731,2,0.364
151030000095,Gaggiano,0.473,1,0.1972
152040000071,Sedriano,0.473,1,0.3717
150960000009,Cuggiono,0.4726,2,0.3795
150700000020,Cernusco sul Naviglio,0.4726,2,0.3603
151030000128,Gaggiano,0.4722,2,0.3584
151460003047,Milano,0.4713,2,0.3619
151810000021,Rescaldina,0.4712,2,0.3689
151400000036,Melegnano,0.4709,2,0.3778
151570000105,Novate Milanese,0.4707,1,0.3661
151460004437,Milano,0.4706,1,0.3032
151460003063,Milano,0.4701,1,0.3269
152290000011,Vanzago,0.4698,1,0.3192
151460003045,Milano,0.4696,1,0.3857
151660000026,Paderno Dugnano,0.4687,2,0.388
152370000030,Vignate,0.4687,1,0.3994
151300000223,Magenta,0.4686,1,0.2314
151570000039,Novate Milanese,0.4678,1,0.4132
152110000052,Settimo Milanese,0.4674,1,0.4085
151660000220,Paderno Dugnano,0.4672,1,0.3186
151460004439,Milano,0.4669,1,0.3227
152060000015,Senago,0.4669,1,0.4039
152430000042,Vittuone,0.4665,1,0.3907
151460002753,Milano,0.4663,2,0.3553
151460005630,Milano,0.4657,2,0.3783
151460003209,Milano,0.4656,1,0.4069
150770000219,Cinisello Balsamo,0.4651,1,0.327
151820000283,Rho,0.4651,1,0.4188
151700000015,Pero,0.4642,1,0.4282
151460003065,Milano,0.4641,2,0.3593
151540000022,Nerviano,0.4637,1,0.3525
152110000125,Settimo Milanese,0.4632,1,0.3174
151460004451,Milano,0.463,1,0.3348
151300000069,Magenta,0.4629,2,0.3635
151570000103,Novate Milanese,0.4625,1,0.3174
150120000046,Bareggio,0.4624,1,0.3786
151300000005,Magenta,0.4623,1,0.324
151460004269,Milano,0.4622,2,0.3789
151460003208,Milano,0.4607,2,0.3743
151300000025,Magenta,0.4602,1,0.4266
152430000045,Vittuone,0.4589,1,0.4059
151660000011,Paderno Dugnano,0.4582,1,0.4206
150770000018,Cinisello Balsamo,0.4578,1,0.3419
151460004978,Milano,0.4577,1,0.3124
151660000159,Paderno Dugnano,0.4572,1,0.407
150770000124,Cinisello Balsamo,0.4567,1,0.4097
150410000009,Busto Garolfo,0.4567,1,0.3818
151460002586,Milano,0.4566,1,0.351
150860000036,Cormano,0.4563,1,0.3931
151890000102,Rozzano,0.4561,1,0.3572
151060000027,Gessate,0.4552,1,0.3013
150700000046,Cernusco sul Naviglio,0.4544,1,0.3617
151420000025,Melzo,0.4542,2,0.3673
150770000041,Cinisello Balsamo,0.4541,1,0.3512
150770000179,Cinisello Balsamo,0.4537,1,0.4217
151300000078,Magenta,0.4534,1,0.3408
151660000019,Paderno Dugnano,0.4532,1,0.233
151460004129,Milano,0.4531,1,0.4207
150020000228,Abbiategrasso,0.4523,1,0.2646
151460005188,Milano,0.4519,1,0.3778
150770000050,Cinisello Balsamo,0.4515,1,0.369
151460004977,Milano,0.4513,1,0.3928
151750000070,Pioltello,0.4511,1,0.4047
151460003229,Milano,0.4501,1,0.4282
151460003217,Milano,0.4501,1,0.4052
151460005194,Milano,0.4496,1,0.4057
150320000082,Bresso,0.4488,2,0.3665
151820000178,Rho,0.4486,1,0.4211
150590000074,Cassano d'Adda,0.4477,1,0.381
151700000023,Pero,0.4464,1,0.4194
151460003218,Milano,0.4456,1,0.3715
150600000044,Cassina de' Pecchi,0.4455,1,0.4009
150590000009,Cassano d'Adda,0.4455,1,0.2026
152130000012,Solaro,0.4454,1,0.3687
151700000034,Pero,0.4453,1,0.2372
151950000109,San Giuliano Milanese,0.445,1,0.365
150770000304,Cinisello Balsamo,0.4449,1,0.2637
150770000045,Cinisello Balsamo,0.4449,1,0.4032
151460003067,Milano,0.4449,1,0.3297
151080000026,Gorgonzola,0.4448,1,0.3648
151730000012,Pieve Emanuele,0.4447,1,0.3647
152290000019,Vanzago,0.4446,1,0.3646
152430000048,Vittuone,0.4446,1,0.4078
150610000003,Cassinetta di Lugagnano,0.4445,1,0.3645
152500000026,Baranzate,0.4445,1,0.3644
151460003245,Milano,0.4444,2,0.3634
151080000019,Gorgonzola,0.4442,1,0.3642
151400000033,Melegnano,0.4437,1,0.3637
151050000021,Garbagnate Milanese,0.4436,1,0.3635
151050000019,Garbagnate Milanese,0.4435,1,0.3635
152500000034,Baranzate,0.4435,1,0.3634
151300000237,Magenta,0.4432,1,0.2029
151950000071,San Giuliano Milanese,0.4431,1,0.363
151590000045,Opera,0.443,1,0.3629
152040000096,Sedriano,0.4429,1,0.3928
150700000023,Cernusco sul Naviglio,0.4429,1,0.3629
151460003290,Milano,0.4429,1,0.4032
150870000012,Cornaredo,0.4428,1,0.3627
152000000004,Santo Stefano Ticino,0.4427,1,0.3626
151050000031,Garbagnate Milanese,0.4426,1,0.3625
151820000201,Rho,0.442,1,0.3619
151770000003,Pozzo d'Adda,0.442,1,0.362
151770000004,Pozzo d'Adda,0.4419,1,0.3618
151950000090,San Giuliano Milanese,0.4419,1,0.3619
150770000016,Cinisello Balsamo,0.4419,1,0.3545
150120000035,Bareggio,0.4418,1,0.3422
151460003249,Milano,0.4417,1,0.3868
150740000047,Cesano Boscone,0.4415,1,0.3615
150090000018,Arese,0.4415,1,0.3614
150770000305,Cinisello Balsamo,0.4413,1,0.2245
151850000006,Rodano,0.4413,1,0.3612
151890000149,Rozzano,0.4413,1,0.3613
151460004303,Milano,0.4413,1,0.41
151660000226,Paderno Dugnano,0.4412,1,0.2958
152200000020,Trezzano sul Naviglio,0.4412,1,0.3294
151950000106,San Giuliano Milanese,0.4412,1,0.3612
151460004133,Milano,0.4412,2,0.3568
151920000051,San Donato Milanese,0.4409,1,0.3609
150820000001,Colturano,0.4407,1,0.3606
151460003068,Milano,0.4405,1,0.3421
152110000091,Settimo Milanese,0.4403,1,0.3602
151460005189,Milano,0.4401,1,0.4013
151590000018,Opera,0.4399,1,0.3599
151890000098,Rozzano,0.4398,1,0.345
151440000002,Mesero,0.4398,1,0.3597
151950000107,San Giuliano Milanese,0.4396,1,0.3595
151700000020,Pero,0.4395,2,0.3567
152100000005,Settala,0.4394,1,0.3593
152500000024,Baranzate,0.4394,1,0.3594
151460006047,Milano,0.4393,1,0.3593
150700000060,Cernusco sul Naviglio,0.4393,1,0.3593
151890000213,Rozzano,0.4389,1,0.3588
151570000006,Novate Milanese,0.4388,1,0.3204
151710000109,Peschiera Borromeo,0.4387,1,0.3586
152300000017,Vaprio d'Adda,0.4387,1,0.3411
150320000094,Bresso,0.4386,1,0.3586
151460001258,Milano,0.4385,1,0.3585
151700000037,Pero,0.4385,1,0.2419
150090000066,Arese,0.4384,1,0.3584
150410000018,Busto Garolfo,0.4382,1,0.3856
150620000018,Castano Primo,0.4382,1,0.3985
152110000083,Settimo Milanese,0.438,1,0.3579
151730000009,Pieve Emanuele,0.4377,1,0.3576
151300000035,Magenta,0.4376,1,0.3018
151080000018,Gorgonzola,0.4375,1,0.3574
150400000007,Bussero,0.4374,1,0.3574
151300000121,Magenta,0.4373,1,0.3873
150090000009,Arese,0.4373,1,0.3573
151460002572,Milano,0.4372,1,0.3934
152210000008,Trezzo sull'Adda,0.4372,1,0.3572
152500000035,Baranzate,0.4371,1,0.3571
152370000005,Vignate,0.437,1,0.357
151300000070,Magenta,0.437,1,0.3108
151850000007,Rodano,0.4367,1,0.3567
150600000059,Cassina de' Pecchi,0.4367,1,0.4036
151810000008,Rescaldina,0.4365,1,0.363
150770000046,Cinisello Balsamo,0.4365,1,0.337
151050000023,Garbagnate Milanese,0.4364,1,0.3564
151080000006,Gorgonzola,0.4364,1,0.3564
151440000003,Mesero,0.4363,1,0.3562
151920000020,San Donato Milanese,0.4358,1,0.3558
151030000137,Gaggiano,0.4358,1,0.3808
151920000052,San Donato Milanese,0.4358,1,0.3557
151660000257,Paderno Dugnano,0.4356,1,0.3257
151460005063,Milano,0.4355,1,0.3554
150400000011,Bussero,0.4354,1,0.3553
151660000286,Paderno Dugnano,0.4354,1,0.3826
151660000346,Paderno Dugnano,0.4353,1,0.2664
150740000033,Cesano Boscone,0.4352,1,0.3551
151750000113,Pioltello,0.4352,1,0.3551
151570000066,Novate Milanese,0.4351,1,0.3011
150090000031,Arese,0.435,1,0.3549
151570000041,Novate Milanese,0.4348,1,0.3374
151570000010,Novate Milanese,0.4346,1,0.3737
151130000023,Inveruno,0.4346,1,0.3515
152490000011,Vanzaghello,0.4345,1,0.3877
151730000011,Pieve Emanuele,0.4345,1,0.3545
152110000142,Settimo Milanese,0.4344,1,0.3543
151460004232,Milano,0.4343,1,0.3609
151710000020,Peschiera Borromeo,0.4339,1,0.3539
150960000006,Cuggiono,0.4338,1,0.3538
150740000025,Cesano Boscone,0.4333,1,0.4226
152110000109,Settimo Milanese,0.4333,1,0.4115
151460004776,Milano,0.4331,1,0.3596
151180000061,Legnano,0.4331,1,0.3531
151460004771,Milano,0.433,1,0.353
151080000005,Gorgonzola,0.4329,1,0.3529
151180000022,Legnano,0.4328,1,0.3528
150770000057,Cinisello Balsamo,0.4328,1,0.2598
152350000001,Vermezzo,0.4327,1,0.3526
152210000010,Trezzo sull'Adda,0.4326,1,0.3525
151050000026,Garbagnate Milanese,0.4321,1,0.3521
151950000110,San Giuliano Milanese,0.4321,1,0.3521
150400000008,Bussero,0.4317,1,0.3517
151460002825,Milano,0.4316,1,0.3516
152050000045,Segrate,0.4316,1,0.3516
151660000116,Paderno Dugnano,0.4315,1,0.2294
151050000028,Garbagnate Milanese,0.4314,1,0.3514
151830000003,Robecchetto con Induno,0.4313,1,0.4031
150860000046,Cormano,0.4311,1,0.3432
150960000005,Cuggiono,0.4309,1,0.3509
151080000038,Gorgonzola,0.4307,1,0.3507
151730000008,Pieve Emanuele,0.4305,1,0.3504
152000000001,Santo Stefano Ticino,0.4304,1,0.3503
151590000003,Opera,0.4302,1,0.3502
150770000217,Cinisello Balsamo,0.4301,1,0.3343
152430000063,Vittuone,0.4301,1,0.3558
150960000001,Cuggiono,0.43,1,0.35
151460004037,Milano,0.4297,1,0.4221
151460003057,Milano,0.4294,1,0.3748
151460006067,Milano,0.4294,1,0.3494
151460002828,Milano,0.4289,1,0.3489
