SEZ2011,gruppo,n_segmenti_tot,max_letture
151660000018,critica,1,2
151660000118,critica,2,6
151660000061,critica,0,0
151660000290,critica,9,164
151660000231,critica,4,1
151660000086,critica,5,34
151660000063,critica,3,145
151660000076,critica,3,28
151660000052,critica,1,1
151460002751,critica,1,15
151460003224,critica,0,0
151890000099,critica,7,73
151950000109,critica,18,131
151460003245,critica,0,0
151440000002,critica,2,124
150410000028,critica,47,64
150410000016,critica,11,105
150410000004,critica,10,74
151460002565,critica,2,25
150700000004,critica,9,19
151460001262,critica,0,0
151460001267,critica,0,0
151890000097,critica,2,1
151890000094,critica,0,0
151890000031,critica,5,2
151890000098,critica,0,0
151920000052,critica,4,124
151920000051,critica,0,0
151460002750,critica,0,0
151460002753,critica,0,0
151590000013,critica,1,15
151590000014,critica,0,0
151590000022,critica,14,121
151950000009,critica,0,0
151950000071,critica,0,0
151460003225,critica,0,0
151460006067,critica,0,0
151460001263,critica,0,0
151840000030,critica,1,124
151460002567,critica,0,0
150700000009,critica,15,22
150260000008,critica,43,206
151460003209,critica,2,1
150960000009,critica,45,354
151830000002,critica,5,124
150990000001,critica,10,6
150960000005,critica,42,196
150960000001,critica,34,120
150990000004,critica,15,124
150960000008,critica,4,124
150960000007,critica,0,0
151950000106,critica,0,0
150990000006,critica,52,124
151830000003,critica,18,130
150990000005,critica,3,8
151830000005,critica,4,122
150960000006,critica,36,123
150380000015,critica,2,124
152430000088,critica,8,16
152000000001,critica,20,103
152430000042,critica,4,119
152430000063,critica,2,34
152000000003,critica,1,124
152000000005,critica,0,0
152430000045,critica,7,6
152000000004,critica,13,120
152430000048,critica,2,10
152490000011,critica,0,0
151130000023,critica,3,4
151440000003,critica,4,13
150720000018,critica,28,129
151540000021,critica,23,111
150700000013,critica,9,52
150700000014,critica,30,121
150700000016,critica,2,124
150700000015,critica,5,124
150700000031,critica,1,8
150700000032,critica,4,116
150700000064,critica,4,123
150700000024,critica,1,3
150700000022,critica,4,121
150700000006,critica,34,124
150700000060,critica,4,170
150700000020,critica,1,1
150700000002,critica,0,0
150700000021,critica,1,1
150700000003,critica,8,16
150700000007,critica,32,76
150700000008,critica,3,12
150700000034,critica,7,243
150700000018,critica,1,124
150700000017,critica,2,248
150700000019,critica,5,124
150700000023,critica,19,121
150990000003,critica,19,132
152010000013,critica,1,1
150410000010,critica,16,97
150410000011,critica,6,21
150410000018,critica,39,62
150990000002,critica,15,224
150410000005,critica,65,46
150720000015,critica,30,94
150410000014,critica,18,67
150410000002,critica,6,31
150410000001,critica,10,56
150410000015,critica,12,43
150410000003,critica,5,124
152480000014,critica,1,1
150410000013,critica,14,107
150410000009,critica,12,127
150410000012,critica,12,162
151540000022,critica,3,123
151820000178,critica,17,91
151660000372,critica,0,0
151460004437,critica,0,0
151460004257,critica,0,0
151460004258,critica,0,0
151460004303,critica,0,0
151460004269,critica,0,0
151460004441,critica,7,106
151460004438,critica,0,0
151460004451,critica,15,112
150720000017,critica,9,122
151460003045,critica,0,0
151460003218,critica,0,0
151460003217,critica,1,20
150120000016,critica,3,10
152040000096,critica,8,105
152040000071,critica,0,0
150120000042,critica,0,0
152290000011,critica,0,0
150720000020,critica,10,127
150120000035,critica,2,121
152290000019,critica,3,6
151810000019,critica,5,104
151810000007,critica,5,3
152110000142,critica,6,109
150970000048,critica,0,0
152110000135,critica,3,122
152110000134,critica,1,1
152110000011,critica,9,124
150120000001,critica,6,10
150120000002,critica,3,6
152040000030,critica,0,0
150120000046,critica,5,127
150120000034,critica,0,0
152110000030,critica,3,123
150120000032,critica,0,0
151460002828,critica,0,0
151460004447,critica,2,47
151460004433,critica,3,7
151460004436,critica,0,0
151460004435,critica,4,106
151460004446,critica,0,0
151460004266,critica,7,124
151810000010,critica,8,13
151810000008,critica,12,124
150720000006,critica,19,20
151810000020,critica,0,0
150720000013,critica,17,22
150720000011,critica,1,2
150720000012,critica,16,56
151810000021,critica,3,124
150720000016,critica,17,124
151460005188,critica,1,1
150700000065,critica,5,21
151750000070,critica,3,27
150720000005,critica,48,125
151460004434,critica,12,41
151460004259,critica,12,89
151460004262,critica,0,0
151460004443,critica,2,18
151460004432,critica,1,124
151460004439,critica,2,18
151460003252,critica,1,2
151460003248,critica,8,53
152130000009,critica,0,0
151890000213,critica,0,0
152130000012,critica,28,126
152130000011,critica,12,161
151460002586,critica,25,45
150700000012,critica,8,30
151460002572,critica,0,0
151030000117,critica,0,0
150050000022,critica,0,0
151650000003,critica,12,87
151030000093,critica,0,0
150220000002,critica,11,126
151500000009,critica,1,124
152360000001,critica,8,124
151840000020,critica,1,124
151300000321,critica,0,0
151890000216,critica,0,0
151890000215,critica,3,10
151950000113,critica,2,124
150700000070,critica,2,124
151500000001,critica,0,0
151840000005,critica,1,2
151840000010,critica,5,17
151030000091,critica,4,18
150970000047,critica,5,28
150360000044,critica,1,124
152200000020,critica,3,12
152200000021,critica,1,24
151030000062,critica,4,124
151460004196,critica,17,106
151840000012,critica,0,0
151840000014,critica,5,17
151840000038,critica,0,0
151460004976,critica,53,141
151460004979,critica,5,6
151460004139,critica,2,4
151460004975,critica,15,17
150220000001,critica,0,0
151650000001,critica,2,124
150610000003,critica,10,248
151840000004,critica,15,124
151030000128,critica,0,0
150970000002,critica,9,120
151650000002,critica,4,124
152350000001,critica,3,124
150050000018,critica,1,80
151030000141,critica,0,0
151030000137,critica,3,14
151030000095,critica,0,0
151030000077,critica,0,0
150780000005,critica,9,88
151840000015,critica,17,140
151030000118,critica,4,117
151840000007,critica,0,0
151840000003,critica,21,119
151840000017,critica,0,0
150850000020,critica,1,124
151030000145,critica,0,0
151660000119,critica,17,46
151460004131,critica,5,5
151460004129,critica,1,7
151460004993,critica,0,0
151030000138,critica,0,0
150050000021,critica,2,127
151030000119,critica,0,0
151030000092,critica,5,97
151840000008,critica,0,0
151840000018,critica,3,248
151700000088,critica,66,78
151660000240,critica,0,0
151660000232,critica,3,119
151660000257,critica,1,143
151820000283,critica,21,124
152500000026,critica,25,94
150090000009,critica,1,2
150090000018,critica,7,88
151460004981,critica,15,106
151460004977,critica,59,109
151460003114,critica,13,149
151460003047,critica,0,0
151500000002,critica,1,124
151840000006,critica,13,75
151400000039,critica,9,65
151660000261,critica,0,0
151660000348,critica,0,0
151660000271,critica,0,0
151660000262,critica,0,0
150090000101,critica,6,108
150090000065,critica,4,3
152500000034,critica,38,69
152500000024,critica,0,0
150090000100,critica,1,1
152060000027,critica,1,3
151700000034,critica,11,11
151700000040,critica,0,0
151700000073,critica,6,4
151700000020,critica,0,0
150090000007,critica,0,0
152500000035,critica,2,1
152060000005,critica,14,90
150860000035,critica,4,124
150860000046,critica,2,17
150860000036,critica,11,124
150860000027,critica,46,90
150860000037,critica,5,83
150860000038,critica,15,25
151660000272,critica,0,0
151660000011,critica,6,106
151660000084,critica,5,105
151660000019,critica,3,41
151660000111,critica,9,90
151660000203,critica,18,43
151660000214,critica,3,115
151660000026,critica,1,5
152110000140,critica,0,0
152110000037,critica,3,18
152110000014,critica,0,0
152110000083,critica,19,70
152110000025,critica,0,0
152110000052,critica,0,0
152110000007,critica,7,41
152110000109,critica,15,110
151460004489,critica,8,122
151700000037,critica,0,0
152210000008,critica,1,2
151780000015,critica,0,0
152370000005,critica,1,6
151460004980,critica,8,113
152110000091,critica,1,1
152110000124,critica,0,0
152110000120,critica,3,81
152110000125,critica,0,0
152010000007,critica,45,122
150410000019,critica,11,6
151700000015,critica,11,37
151700000023,critica,0,0
151700000075,critica,0,0
151700000031,critica,0,0
151700000029,critica,0,0
150090000066,critica,2,3
150090000031,critica,1,1
150090000097,critica,0,0
151720000011,critica,7,138
151720000008,critica,17,123
151720000002,critica,9,103
151720000005,critica,32,122
150700000035,critica,13,95
150400000007,critica,16,128
152370000009,critica,0,0
151220000012,critica,7,306
150600000019,critica,4,129
152370000018,critica,0,0
150600000048,critica,0,0
152370000007,critica,11,126
152370000012,critica,10,322
150600000059,critica,0,0
151300000264,critica,0,0
151300000289,critica,0,0
151300000260,critica,0,0
152210000010,critica,13,127
151770000004,critica,15,124
150590000010,critica,19,98
152240000010,critica,1,124
151780000002,critica,33,169
151060000003,critica,17,105
150590000074,critica,0,0
150590000039,critica,0,0
151780000013,critica,1,124
151080000012,critica,4,127
151780000010,critica,5,19
151060000002,critica,16,236
151780000009,critica,1,119
151780000003,critica,11,124
150590000052,critica,4,4
151780000004,critica,10,102
151780000014,critica,0,0
151080000032,critica,0,0
151420000025,critica,0,0
151420000026,critica,0,0
150590000004,critica,6,125
151420000024,critica,0,0
150140000001,critica,8,111
151780000016,critica,0,0
150590000009,critica,0,0
151060000018,critica,11,49
151420000028,critica,0,0
150440000001,critica,5,124
150440000003,critica,3,123
151780000005,critica,11,256
150440000014,critica,0,0
152300000017,critica,0,0
151780000001,critica,8,60
151060000020,critica,6,130
150140000002,critica,0,0
150440000002,critica,6,162
150440000015,critica,4,129
151140000012,critica,1,128
151420000022,critica,0,0
150590000040,critica,2,124
151780000006,critica,4,40
151140000011,critica,0,0
151060000001,critica,23,98
151770000003,critica,13,63
151780000007,critica,4,129
151850000007,critica,3,124
150600000011,critica,2,2
152370000008,critica,0,0
150600000053,critica,2,5
150600000026,critica,4,90
151850000006,critica,4,216
151400000038,critica,4,102
151400000040,critica,0,0
151750000047,critica,11,24
152060000023,critica,8,44
152050000045,critica,0,0
151300000237,critica,0,0
151570000123,critica,0,0
151570000006,critica,0,0
151570000105,critica,0,0
151390000012,critica,4,88
150600000041,critica,0,0
151080000023,critica,2,1
151080000019,critica,55,62
150400000008,critica,13,135
150400000002,critica,5,109
151080000005,critica,6,117
151080000022,critica,1,124
151080000038,critica,12,115
150400000011,critica,3,2
151080000026,critica,9,122
151080000006,critica,2,123
151080000009,critica,5,108
150600000044,critica,4,100
150440000008,critica,4,124
150600000036,critica,0,0
151720000007,critica,4,18
150440000004,critica,4,119
151080000018,critica,5,2
151720000006,critica,3,3
151720000009,critica,0,0
151150000006,critica,0,0
151150000005,critica,0,0
151400000004,critica,12,112
150770000153,critica,29,35
150770000237,critica,0,0
150770000409,critica,1,8
150770000022,critica,23,60
150770000057,critica,5,12
151300000230,critica,9,16
152360000004,critica,0,0
151150000009,critica,2,4
151390000007,critica,6,20
151390000002,critica,11,110
150770000363,critica,7,44
150770000023,critica,17,19
150770000392,critica,0,0
150770000408,critica,0,0
150770000217,critica,1,1
150770000239,critica,3,2
150770000141,critica,2,24
150770000407,critica,0,0
150770000362,critica,0,0
150770000062,critica,22,43
150770000139,critica,0,0
150770000238,critica,10,59
150770000050,critica,0,0
150770000149,critica,6,30
151300000035,critica,0,0
151300000168,critica,0,0
151300000006,critica,3,125
151180000029,critica,10,35
151180000035,critica,9,42
151180000041,critica,4,11
151570000060,critica,1,61
150770000241,critica,3,34
150770000367,critica,12,45
150770000229,critica,1,9
150770000234,critica,23,46
150770000383,critica,3,67
150770000020,critica,21,64
150770000455,critica,1,8
150770000006,critica,0,0
150770000394,critica,0,0
150770000304,critica,0,0
150770000236,critica,3,8
150770000382,critica,0,0
150770000230,critica,0,0
150770000021,critica,16,53
150770000368,critica,5,35
150770000005,critica,20,6
150770000310,critica,0,0
151300000073,critica,0,0
151300000036,critica,8,90
151300000011,critica,3,4
151300000037,critica,2,2
151300000025,critica,5,6
151300000041,critica,0,0
151300000040,critica,0,0
151300000304,critica,33,144
151180000073,critica,8,124
151180000034,critica,11,83
151180000085,critica,0,0
151180000061,critica,36,163
151180000030,critica,5,15
151180000031,critica,26,69
151570000103,critica,0,0
151570000085,critica,1,124
151570000039,critica,2,92
151570000053,critica,29,68
151050000018,critica,4,124
150770000316,critica,5,94
150770000151,critica,6,42
150770000142,critica,44,124
150770000307,critica,4,7
150770000458,critica,2,13
150770000060,critica,6,36
150770000218,critica,3,6
150770000143,critica,37,27
150770000306,critica,0,0
150770000364,critica,3,27
150770000370,critica,4,114
150770000311,critica,1,2
150770000235,critica,3,16
151300000070,critica,22,65
151300000002,critica,3,11
151300000039,critica,0,0
151300000058,critica,38,46
151300000090,critica,6,9
151300000080,critica,0,0
151300000279,critica,7,2
151300000048,critica,6,153
151300000005,critica,7,22
150020000226,critica,3,128
150020000203,critica,9,36
151050000031,critica,16,89
151570000108,critica,2,16
151050000019,critica,13,21
150770000308,critica,7,103
150770000365,critica,2,10
150770000233,critica,1,2
150770000219,critica,33,20
152050000050,critica,15,114
150770000049,critica,2,53
150770000216,critica,1,2
150770000502,critica,10,7
150770000437,critica,0,0
150770000058,critica,3,17
150770000305,critica,4,9
150770000393,critica,0,0
150770000019,critica,22,18
150770000231,critica,1,3
151300000010,critica,6,31
151300000071,critica,15,83
151300000078,critica,0,0
151300000013,critica,1,4
151300000121,critica,0,0
151300000027,critica,4,4
151300000017,critica,8,22
151300000004,critica,2,1
151300000056,critica,9,38
150320000084,critica,6,86
150770000010,critica,6,124
150770000041,critica,0,0
150020000228,critica,1,128
150740000047,critica,12,128
150550000005,critica,3,121
151390000008,critica,1,104
150820000002,critica,2,112
151950000110,critica,0,0
151390000014,critica,0,0
150740000025,critica,1,1
150740000028,critica,13,103
151400000037,critica,21,95
151390000005,critica,23,142
151850000008,critica,1,124
150740000033,critica,2,2
150740000003,critica,1,5
150740000029,critica,5,2
152100000005,critica,1,124
151390000003,critica,0,0
151390000004,critica,0,0
151400000005,critica,3,39
151390000006,critica,3,124
150320000082,critica,6,14
151400000006,critica,34,165
151400000036,critica,3,54
151400000003,critica,3,115
151400000035,critica,0,0
150770000418,critica,0,0
150770000121,critica,7,64
150770000410,critica,4,12
150820000001,critica,15,130
151590000023,critica,0,0
151590000038,critica,0,0
151400000034,critica,17,76
151730000008,critica,10,33
151730000009,critica,2,2
151730000020,critica,0,0
151730000025,critica,0,0
150150000013,critica,0,0
151730000017,critica,2,1
151590000018,critica,4,121
151590000003,critica,4,6
151730000019,critica,0,0
151730000012,critica,0,0
150870000004,critica,27,54
151730000018,critica,1,1
151730000011,critica,13,125
151590000012,critica,12,105
150500000006,critica,0,0
151300000221,critica,1,4
150870000003,critica,19,52
150870000009,critica,46,121
150870000012,critica,6,46
151590000006,critica,0,0
151730000021,critica,0,0
151730000022,critica,0,0
151150000010,critica,7,120
152020000003,critica,0,0
151180000022,critica,4,6
150270000047,critica,29,124
150270000043,critica,26,96
151570000125,critica,0,0
152060000011,critica,9,6
150770000046,critica,2,7
151570000002,critica,6,42
150770000109,critica,17,48
150770000003,critica,10,79
150770000004,critica,7,47
150770000018,critica,6,67
150270000046,critica,30,130
150320000087,critica,1,124
150770000012,critica,11,77
150770000002,critica,4,33
150770000009,critica,1,2
150770000184,critica,9,187
150770000122,critica,6,100
151460002737,critica,5,82
150770000398,critica,0,0
150320000089,critica,2,1
150320000094,critica,9,58
151300000069,critica,0,0
151300000223,critica,2,5
151460003283,critica,2,1
151300000220,critica,2,1
151890000149,critica,5,124
151570000003,critica,2,9
151570000041,critica,1,2
151050000028,critica,12,124
151570000066,critica,0,0
150770000045,critica,0,0
150770000017,critica,4,56
150770000038,critica,26,38
150770000179,critica,0,0
150770000401,critica,0,0
150770000112,critica,0,0
151460004268,critica,0,0
151460004442,critica,0,0
152060000016,critica,0,0
150270000049,critica,7,124
150270000045,critica,10,36
151570000010,critica,0,0
151570000088,critica,2,4
151570000058,critica,8,2
151050000029,critica,0,0
152060000014,critica,14,79
151050000026,critica,2,18
151570000109,critica,0,0
151460002738,critica,3,109
151570000008,critica,51,45
151570000005,critica,8,5
151570000082,critica,22,98
151460002739,critica,5,120
151570000126,critica,0,0
151050000023,critica,95,71
150770000033,critica,11,326
150770000036,critica,4,264
150770000015,critica,12,25
150770000124,critica,8,24
150770000016,critica,13,21
150770000011,critica,3,40
150770000035,critica,6,48
151570000032,critica,0,0
151570000101,critica,1,13
151570000124,critica,5,9
151570000120,critica,6,5
151570000092,critica,4,2
151570000065,critica,0,0
151570000119,critica,0,0
151570000118,critica,0,0
151050000014,critica,2,120
151460003040,critica,0,0
151460005630,critica,2,14
151460004250,critica,0,0
151460003285,critica,2,30
150700000027,critica,16,67
150700000046,critica,1,124
150700000028,critica,2,2
151460001275,critica,77,124
151460003065,critica,0,0
151460003060,critica,1,1
151460003067,critica,0,0
150620000018,critica,1,2
151830000004,critica,40,179
150700000030,critica,12,124
151460005189,critica,3,111
151460006047,critica,5,248
152060000015,critica,2,18
151050000021,critica,19,98
150270000044,critica,12,96
151460003057,critica,0,0
151460003222,critica,0,0
151400000033,critica,47,53
151390000001,critica,2,1
151460004777,critica,3,12
151460005063,critica,0,0
151460005194,critica,5,103
151460004232,critica,0,0
151460006078,critica,0,0
151460004233,critica,2,1
151460005187,critica,0,0
151460004774,critica,1,1
151460003208,critica,1,1
151660000226,critica,4,124
151660000210,critica,10,94
151660000007,critica,14,104
151660000020,critica,0,0
151660000087,critica,7,18
151660000295,critica,5,27
151660000296,critica,2,1
151660000293,critica,10,124
151660000294,critica,5,4
151460003062,critica,0,0
151460003113,critica,3,118
151460003059,critica,3,9
151460004771,critica,2,2
151460006077,critica,0,0
151460003290,critica,2,2
151710000120,critica,0,0
151460001258,critica,0,0
151460003227,critica,0,0
151660000082,critica,8,109
151660000008,critica,24,50
151660000114,critica,0,0
151660000060,critica,3,10
151660000014,critica,2,10
151660000044,critica,4,75
151820000322,critica,0,0
151820000201,critica,9,122
151660000201,critica,15,67
151660000004,critica,8,42
151660000064,critica,13,45
151660000053,critica,0,0
151660000001,critica,10,114
151660000129,critica,4,50
151660000080,critica,4,94
151660000184,critica,0,0
151660000346,critica,1,2
151460004776,critica,0,0
151460002844,critica,0,0
151460002843,critica,0,0
151460002842,critica,2,1
151460002824,critica,0,0
151460002825,critica,2,10
151460002845,critica,13,35
151460003112,critica,12,116
151460003064,critica,0,0
151460003223,critica,0,0
151460003066,critica,1,1
151460003229,critica,0,0
151460003063,critica,1,1
151460003068,critica,0,0
150700000050,critica,3,104
150700000029,critica,4,99
150700000011,critica,2,6
152050000042,critica,19,29
151460003249,critica,1,2
151660000220,critica,3,106
151660000286,critica,3,2
151660000015,critica,0,0
151660000117,critica,0,0
151660000027,critica,3,54
151660000024,critica,4,14
151660000200,critica,11,127
151660000116,critica,0,0
151660000121,critica,6,211
151660000375,critica,0,0
151890000102,critica,6,119
151710000109,critica,3,3
151950000107,critica,8,122
151460003226,critica,0,0
151950000090,critica,22,314
151710000020,critica,19,118
151460001266,critica,0,0
151660000025,critica,12,37
151660000113,critica,0,0
151660000079,critica,4,49
151660000081,critica,0,0
151660000055,critica,0,0
151660000115,critica,2,2
151660000289,critica,9,128
151660000021,critica,10,170
151660000028,critica,0,0
151660000159,critica,35,95
151460001265,critica,0,0
150850000055,critica,10,121
150990000014,critica,0,0
152370000031,critica,0,0
152370000030,critica,1,1
150990000016,critica,5,100
150990000018,critica,0,0
150990000017,critica,0,0
150120000115,critica,2,2
151580000063,critica,0,0
151950000118,critica,0,0
151030000151,critica,0,0
152110000153,critica,0,0
150860000049,critica,7,22
151840000047,critica,0,0
151460004978,critica,3,12
151460004130,critica,1,1
151750000113,critica,2,124
151080000045,critica,0,0
151060000025,critica,0,0
150440000018,critica,4,258
150140000012,critica,0,0
151720000033,critica,11,121
150590000086,critica,0,0
150700000001,critica,15,51
150700000026,critica,52,45
150700000005,critica,14,85
151460004037,critica,0,0
151460004133,critica,0,0
151060000027,critica,0,0
151060000028,critica,0,0
151060000024,critica,0,0
151590000044,critica,2,2
151590000046,critica,0,0
151590000045,critica,62,191
151710000159,critica,0,0
150500000014,critica,0,0
151920000020,critica,2,69
151460000116,controprova,3,17
151180000017,controprova,54,66
150020000295,controprova,25,33
150860000013,controprova,15,83
151820000111,controprova,6,41
151730000013,controprova,6,125
151540000001,controprova,35,138
150980000024,controprova,1,124
151310000001,controprova,2,124
150720000007,controprova,77,87
152090000083,controprova,2,14
151160000131,controprova,0,0
151750000032,controprova,0,0
151880000002,controprova,31,155
151950000061,controprova,1,6
152190000003,controprova,8,13
151890000129,controprova,0,0
150740000017,controprova,32,72
150190000004,controprova,1,124
151400000011,controprova,6,53
151920000049,controprova,0,0
151570000080,controprova,1,7
150140000003,controprova,8,9
152470000024,controprova,10,124
151660000146,controprova,0,0
150270000013,controprova,0,0
151030000028,controprova,5,4
152060000021,controprova,84,111
150090000071,controprova,0,0
152300000005,controprova,40,129
150070000010,controprova,2,124
152010000006,controprova,1,125
151710000012,controprova,44,98
150110000018,controprova,2,27
150160000003,controprova,0,0
150810000230,controprova,1,2
150320000100,controprova,3,103
150870000008,controprova,8,124
152260000009,controprova,15,124
151790000010,controprova,102,111
150360000036,controprova,23,76
151680000025,controprova,30,124
150100000010,controprova,19,238
150600000047,controprova,3,5
151910000007,controprova,10,74
151640000006,controprova,52,128
151420000016,controprova,3,93
150460000013,controprova,2,1
150580000001,controprova,22,124
151140000002,controprova,19,106
152430000059,controprova,0,0
150510000005,controprova,9,124
150150000009,controprova,0,0
152370000003,controprova,3,125
150930000078,controprova,30,25
151220000001,controprova,27,120
152200000030,controprova,11,81
150050000002,controprova,1,1
152420000111,controprova,1,1
150770000248,controprova,6,71
151760000021,controprova,0,0
151390000010,controprova,0,0
151700000011,controprova,8,124
150590000016,controprova,10,18
152110000141,controprova,6,121
150850000009,controprova,0,0
151590000001,controprova,27,112
152490000008,controprova,0,0
150780000003,controprova,2,4
152350000003,controprova,13,124
152050000047,controprova,1,124
152500000027,controprova,1,107
151250000007,controprova,1,1
151510000001,controprova,10,124
152130000005,controprova,40,104
151120000002,controprova,4,123
150240000036,controprova,2,71
150620000017,controprova,6,120
151690000017,controprova,19,122
151720000001,controprova,8,120
152100000029,controprova,2,2
150120000057,controprova,3,25
152360000003,controprova,2,2
150760000091,controprova,0,0
152240000002,controprova,17,248
150260000002,controprova,26,124
150400000003,controprova,6,124
150380000002,controprova,2,1
152290000002,controprova,4,120
151580000015,controprova,0,0
151940000001,controprova,1,1
151670000006,controprova,12,108
152210000004,controprova,72,161
150500000002,controprova,6,236
150700000061,controprova,0,0
150410000022,controprova,21,117
151810000025,controprova,5,1
151080000024,controprova,0,0
151050000004,controprova,50,122
151360000001,controprova,0,0
151850000013,controprova,4,140
150960000003,controprova,50,22
152440000005,controprova,12,134
151340000003,controprova,16,124
151150000039,controprova,4,114
151060000004,controprova,16,122
151130000015,controprova,20,49
150350000001,controprova,20,242
150970000016,controprova,4,6
150710000001,controprova,6,123
152040000012,controprova,6,91
151770000001,controprova,5,119
151100000003,controprova,22,126
152020000002,controprova,3,124
150550000020,controprova,0,0
152220000002,controprova,22,123
150420000001,controprova,44,198
152480000008,controprova,0,0
151780000012,controprova,0,0
150440000005,controprova,16,119
151440000001,controprova,3,117
152000000002,controprova,4,124
151010000001,controprova,27,127
152460000001,controprova,13,128
151460002632,controprova,1,3
151820000061,controprova,1,1
151460003311,controprova,16,65
151460003341,controprova,24,16
151460003836,controprova,6,4
151820000049,controprova,19,120
151460000803,controprova,4,11
151820000053,controprova,0,0
150320000042,controprova,23,103
151460002677,controprova,0,0
152200000015,controprova,2,7
151460002882,controprova,1,1
151460004715,controprova,0,0
151460001213,controprova,7,10
150400000009,controprova,19,250
151460003080,controprova,5,7
151140000010,controprova,9,123
151460002766,controprova,3,104
151460001527,controprova,4,8
151460006019,controprova,11,118
151950000031,controprova,1,32
151460002001,controprova,98,13
151460005659,controprova,1,1
151910000006,controprova,15,95
151310000007,controprova,3,7
151460005385,controprova,9,18
