SEZ2011,tile_x,tile_y,zoom
151660000018,17217,11713,15
151660000118,17217,11714,15
151660000061,17218,11712,15
151660000061,17218,11713,15
151660000290,17220,11713,15
151660000290,17220,11714,15
151660000290,17219,11713,15
151660000290,17219,11714,15
151660000231,17216,11713,15
151660000086,17217,11714,15
151660000086,17218,11714,15
151660000063,17218,11712,15
151660000063,17217,11712,15
151660000076,17217,11713,15
151660000052,17218,11713,15
151460002751,17223,11731,15
151460003224,17217,11732,15
151460003224,17216,11732,15
151890000099,17219,11738,15
151950000109,17230,11737,15
151950000109,17231,11737,15
151460003245,17216,11731,15
151440000002,17189,11722,15
151440000002,17189,11723,15
150410000028,17192,11716,15
150410000028,17192,11717,15
150410000028,17193,11716,15
150410000028,17193,11717,15
150410000016,17192,11715,15
150410000016,17192,11716,15
150410000016,17193,11715,15
150410000016,17193,11716,15
150410000004,17192,11716,15
150410000004,17193,11716,15
151460002565,17223,11731,15
150700000004,17232,11719,15
150700000004,17233,11719,15
151460001262,17225,11720,15
151460001262,17226,11720,15
151460001267,17226,11721,15
151890000097,17219,11738,15
151890000094,17219,11738,15
151890000031,17217,11737,15
151890000098,17219,11738,15
151920000052,17223,11735,15
151920000052,17224,11734,15
151920000052,17224,11735,15
151920000052,17223,11734,15
151920000051,17223,11735,15
151920000051,17224,11735,15
151460002750,17223,11731,15
151460002753,17222,11731,15
151460002753,17223,11731,15
151590000013,17222,11736,15
151590000014,17222,11736,15
151590000022,17222,11736,15
151950000009,17229,11735,15
151950000009,17230,11735,15
151950000071,17230,11737,15
151950000071,17229,11736,15
151950000071,17229,11737,15
151950000071,17230,11736,15
151460003225,17217,11732,15
151460006067,17225,11720,15
151460001263,17225,11720,15
151460001263,17226,11720,15
151840000030,17190,11730,15
151460002567,17223,11731,15
150700000009,17233,11719,15
150260000008,17188,11728,15
150260000008,17189,11727,15
150260000008,17189,11728,15
150260000008,17188,11727,15
151460003209,17217,11731,15
151460003209,17217,11732,15
151460003209,17216,11731,15
151460003209,17216,11732,15
150960000009,17186,11722,15
150960000009,17186,11721,15
150960000009,17185,11721,15
150960000009,17185,11722,15
151830000002,17182,11719,15
151830000002,17181,11718,15
151830000002,17181,11719,15
151830000002,17182,11718,15
150990000001,17190,11714,15
150990000001,17191,11713,15
150990000001,17191,11714,15
150990000001,17190,11713,15
150960000005,17186,11722,15
150960000005,17187,11721,15
150960000005,17187,11722,15
150960000005,17186,11721,15
150960000001,17186,11722,15
150960000001,17186,11721,15
150960000001,17185,11721,15
150960000001,17185,11722,15
150990000004,17190,11714,15
150990000004,17191,11714,15
150960000008,17186,11722,15
150960000008,17185,11722,15
150960000007,17185,11723,15
150960000007,17186,11723,15
150960000007,17186,11722,15
150960000007,17185,11722,15
151950000106,17230,11737,15
151950000106,17230,11738,15
150990000006,17191,11712,15
150990000006,17191,11713,15
150990000006,17190,11712,15
150990000006,17190,11713,15
151830000003,17182,11719,15
151830000003,17181,11718,15
151830000003,17181,11719,15
151830000003,17182,11718,15
150990000005,17190,11714,15
150990000005,17190,11713,15
150990000005,17189,11713,15
150990000005,17189,11714,15
151830000005,17183,11719,15
151830000005,17183,11720,15
150960000006,17186,11722,15
150960000006,17186,11723,15
150960000006,17187,11722,15
150960000006,17187,11723,15
150380000015,17186,11716,15
150380000015,17186,11715,15
152430000088,17198,11725,15
152430000088,17199,11724,15
152430000088,17199,11725,15
152430000088,17198,11724,15
152000000001,17195,11724,15
152430000042,17198,11724,15
152430000063,17198,11725,15
152430000063,17199,11724,15
152430000063,17199,11725,15
152430000063,17198,11724,15
152000000003,17196,11723,15
152000000003,17196,11724,15
152000000003,17195,11723,15
152000000003,17195,11724,15
152000000005,17196,11723,15
152000000005,17196,11724,15
152000000005,17195,11723,15
152000000005,17195,11724,15
152430000045,17198,11724,15
152000000004,17196,11724,15
152000000004,17196,11725,15
152000000004,17195,11724,15
152000000004,17195,11725,15
152430000048,17198,11724,15
152490000011,17182,11713,15
152490000011,17183,11712,15
152490000011,17183,11713,15
152490000011,17182,11712,15
151130000023,17188,11719,15
151130000023,17188,11720,15
151130000023,17189,11719,15
151130000023,17189,11720,15
151440000003,17189,11722,15
151440000003,17189,11723,15
151440000003,17190,11722,15
151440000003,17190,11723,15
150720000018,17201,11713,15
150720000018,17200,11712,15
150720000018,17200,11713,15
150720000018,17201,11712,15
151540000021,17203,11715,15
151540000021,17202,11714,15
151540000021,17202,11715,15
151540000021,17203,11714,15
150700000013,17232,11719,15
150700000014,17231,11719,15
150700000014,17232,11719,15
150700000016,17232,11718,15
150700000016,17232,11719,15
150700000015,17231,11718,15
150700000015,17231,11719,15
150700000015,17232,11719,15
150700000015,17232,11718,15
150700000031,17232,11717,15
150700000031,17232,11718,15
150700000031,17233,11717,15
150700000031,17233,11718,15
150700000032,17233,11717,15
150700000032,17233,11718,15
150700000064,17232,11718,15
150700000064,17232,11719,15
150700000064,17233,11718,15
150700000064,17233,11719,15
150700000024,17234,11719,15
150700000024,17233,11719,15
150700000022,17233,11718,15
150700000022,17233,11719,15
150700000006,17233,11719,15
150700000060,17234,11718,15
150700000060,17234,11719,15
150700000020,17233,11718,15
150700000002,17233,11719,15
150700000021,17233,11718,15
150700000003,17232,11719,15
150700000003,17233,11719,15
150700000007,17233,11719,15
150700000008,17233,11719,15
150700000034,17234,11719,15
150700000034,17235,11719,15
150700000018,17232,11718,15
150700000018,17232,11719,15
150700000018,17233,11718,15
150700000018,17233,11719,15
150700000017,17232,11718,15
150700000017,17232,11719,15
150700000017,17233,11718,15
150700000017,17233,11719,15
150700000019,17233,11718,15
150700000019,17233,11719,15
150700000023,17234,11718,15
150700000023,17234,11719,15
150700000023,17233,11718,15
150700000023,17233,11719,15
150990000003,17190,11714,15
150990000003,17190,11715,15
150990000003,17191,11714,15
150990000003,17191,11715,15
152010000013,17196,11712,15
152010000013,17197,11712,15
150410000010,17193,11718,15
150410000010,17193,11717,15
150410000011,17193,11716,15
150410000011,17193,11717,15
150410000018,17192,11715,15
150410000018,17192,11716,15
150990000002,17190,11714,15
150990000002,17191,11713,15
150990000002,17191,11714,15
150990000002,17190,11713,15
150410000005,17192,11715,15
150410000005,17192,11716,15
150720000015,17198,11711,15
150720000015,17199,11711,15
150410000014,17193,11715,15
150410000014,17194,11715,15
150410000014,17193,11716,15
150410000014,17194,11716,15
150410000002,17192,11716,15
150410000002,17192,11717,15
150410000001,17192,11716,15
150410000001,17192,11717,15
150410000015,17192,11715,15
150410000015,17192,11716,15
150410000015,17193,11715,15
150410000015,17193,11716,15
150410000003,17192,11716,15
150410000003,17192,11717,15
150410000003,17193,11716,15
150410000003,17193,11717,15
152480000014,17192,11713,15
152480000014,17192,11714,15
150410000013,17192,11716,15
150410000013,17193,11716,15
150410000009,17191,11717,15
150410000009,17191,11718,15
150410000009,17192,11717,15
150410000009,17192,11718,15
150410000012,17194,11717,15
150410000012,17194,11716,15
150410000012,17193,11716,15
150410000012,17193,11717,15
151540000022,17202,11714,15
151540000022,17203,11714,15
151820000178,17207,11720,15
151660000372,17217,11711,15
151460004437,17211,11726,15
151460004437,17211,11725,15
151460004257,17210,11727,15
151460004258,17210,11727,15
151460004303,17210,11728,15
151460004303,17210,11727,15
151460004269,17211,11726,15
151460004441,17210,11725,15
151460004441,17211,11725,15
151460004438,17211,11725,15
151460004451,17210,11726,15
151460004451,17210,11727,15
150720000017,17200,11710,15
150720000017,17200,11711,15
150720000017,17199,11710,15
150720000017,17199,11711,15
151460003045,17218,11735,15
151460003045,17219,11735,15
151460003218,17217,11732,15
151460003217,17217,11732,15
150120000016,17202,11723,15
150120000016,17202,11722,15
152040000096,17201,11724,15
152040000096,17202,11724,15
152040000071,17199,11723,15
152040000071,17200,11723,15
150120000042,17202,11725,15
150120000042,17202,11726,15
152290000011,17201,11721,15
152290000011,17202,11721,15
150720000020,17201,11713,15
150720000020,17200,11712,15
150720000020,17200,11713,15
150720000020,17201,11712,15
150120000035,17202,11726,15
152290000019,17201,11719,15
152290000019,17201,11720,15
152290000019,17202,11719,15
152290000019,17202,11720,15
151810000019,17198,11706,15
151810000007,17197,11706,15
151810000007,17198,11706,15
151810000007,17197,11707,15
151810000007,17198,11707,15
152110000142,17207,11723,15
150970000048,17206,11727,15
150970000048,17206,11728,15
150970000048,17207,11727,15
150970000048,17207,11728,15
152110000135,17207,11723,15
152110000135,17206,11723,15
152110000134,17207,11723,15
152110000134,17206,11722,15
152110000134,17206,11723,15
152110000134,17207,11722,15
152110000011,17207,11723,15
152110000011,17206,11723,15
150120000001,17202,11725,15
150120000002,17202,11725,15
150120000002,17203,11725,15
152040000030,17200,11723,15
150120000046,17202,11725,15
150120000034,17202,11725,15
150120000034,17202,11726,15
152110000030,17207,11723,15
150120000032,17202,11726,15
151460002828,17221,11732,15
151460004447,17211,11726,15
151460004447,17211,11725,15
151460004433,17211,11725,15
151460004436,17211,11726,15
151460004436,17211,11725,15
151460004435,17211,11725,15
151460004446,17211,11726,15
151460004446,17210,11725,15
151460004446,17210,11726,15
151460004446,17211,11725,15
151460004266,17211,11726,15
151460004266,17210,11726,15
151810000010,17198,11706,15
151810000010,17198,11707,15
151810000008,17198,11707,15
151810000008,17198,11708,15
150720000006,17198,11710,15
150720000006,17199,11710,15
151810000020,17198,11706,15
150720000013,17198,11710,15
150720000013,17198,11711,15
150720000013,17199,11710,15
150720000013,17199,11711,15
150720000011,17198,11710,15
150720000012,17198,11710,15
150720000012,17198,11711,15
151810000021,17198,11706,15
150720000016,17198,11710,15
150720000016,17198,11711,15
150720000016,17199,11710,15
150720000016,17199,11711,15
151460005188,17215,11719,15
151460005188,17215,11720,15
150700000065,17232,11719,15
150700000065,17232,11720,15
151750000070,17232,11724,15
150720000005,17200,11711,15
150720000005,17198,11711,15
150720000005,17199,11711,15
150720000005,17200,11710,15
150720000005,17198,11710,15
150720000005,17199,11710,15
151460004434,17211,11725,15
151460004259,17211,11727,15
151460004259,17210,11727,15
151460004262,17211,11727,15
151460004262,17210,11727,15
151460004443,17210,11725,15
151460004443,17211,11725,15
151460004432,17211,11725,15
151460004439,17211,11725,15
151460003252,17217,11731,15
151460003252,17216,11731,15
151460003248,17216,11731,15
152130000009,17211,11707,15
152130000009,17211,11708,15
151890000213,17217,11736,15
151890000213,17218,11735,15
151890000213,17218,11736,15
151890000213,17217,11735,15
152130000012,17211,11709,15
152130000012,17212,11708,15
152130000012,17212,11709,15
152130000012,17211,11708,15
152130000011,17211,11707,15
152130000011,17211,11708,15
151460002586,17223,11731,15
150700000012,17232,11719,15
151460002572,17223,11731,15
151030000117,17204,11733,15
150050000022,17198,11730,15
151650000003,17194,11741,15
151650000003,17195,11741,15
151030000093,17205,11738,15
150220000002,17200,11746,15
150220000002,17200,11747,15
151500000009,17200,11745,15
151500000009,17200,11746,15
152360000001,17207,11744,15
151840000020,17192,11733,15
151300000321,17191,11728,15
151300000321,17190,11728,15
151890000216,17219,11738,15
151890000215,17219,11738,15
151950000113,17229,11735,15
151950000113,17230,11735,15
150700000070,17232,11718,15
151500000001,17198,11739,15
151500000001,17199,11739,15
151840000005,17193,11730,15
151840000005,17193,11731,15
151840000005,17192,11730,15
151840000005,17192,11731,15
151840000010,17193,11730,15
151840000010,17193,11731,15
151840000010,17192,11730,15
151840000010,17192,11731,15
151030000091,17205,11738,15
150970000047,17206,11727,15
150970000047,17206,11728,15
150970000047,17207,11727,15
150970000047,17207,11728,15
150360000044,17213,11737,15
152200000020,17208,11733,15
152200000020,17207,11733,15
152200000021,17208,11733,15
152200000021,17207,11733,15
151030000062,17208,11734,15
151460004196,17214,11725,15
151460004196,17213,11724,15
151460004196,17213,11725,15
151460004196,17214,11724,15
151840000012,17193,11730,15
151840000014,17193,11729,15
151840000014,17193,11730,15
151840000014,17192,11729,15
151840000014,17192,11730,15
151840000038,17193,11730,15
151460004976,17213,11724,15
151460004976,17214,11724,15
151460004979,17214,11724,15
151460004139,17215,11726,15
151460004975,17213,11724,15
151460004975,17214,11724,15
150220000001,17199,11746,15
150220000001,17199,11747,15
150220000001,17200,11746,15
150220000001,17200,11747,15
151650000001,17196,11740,15
150610000003,17195,11732,15
150610000003,17195,11733,15
150610000003,17194,11732,15
150610000003,17194,11733,15
151840000004,17193,11730,15
151840000004,17193,11731,15
151840000004,17192,11730,15
151840000004,17192,11731,15
151030000128,17206,11734,15
150970000002,17207,11728,15
151650000002,17196,11740,15
151650000002,17195,11739,15
151650000002,17195,11740,15
151650000002,17196,11739,15
152350000001,17201,11735,15
152350000001,17201,11736,15
150050000018,17197,11735,15
151030000141,17205,11738,15
151030000137,17205,11734,15
151030000095,17205,11738,15
151030000095,17205,11737,15
151030000077,17206,11737,15
151030000077,17207,11737,15
150780000005,17201,11730,15
150780000005,17201,11729,15
151840000015,17193,11729,15
151840000015,17193,11730,15
151840000015,17192,11729,15
151840000015,17192,11730,15
151030000118,17204,11733,15
151840000007,17192,11730,15
151840000007,17192,11731,15
151840000003,17193,11731,15
151840000003,17192,11731,15
151840000017,17193,11729,15
151840000017,17193,11730,15
151840000017,17194,11730,15
151840000017,17194,11729,15
150850000020,17197,11727,15
150850000020,17198,11727,15
150850000020,17197,11728,15
150850000020,17198,11728,15
151030000145,17205,11738,15
151660000119,17217,11714,15
151460004131,17215,11726,15
151460004129,17215,11726,15
151460004993,17214,11723,15
151460004993,17214,11724,15
151030000138,17204,11733,15
150050000021,17200,11732,15
150050000021,17199,11731,15
150050000021,17199,11732,15
150050000021,17200,11731,15
151030000119,17204,11733,15
151030000092,17205,11738,15
151840000008,17192,11730,15
151840000018,17193,11729,15
151840000018,17193,11730,15
151840000018,17194,11730,15
151840000018,17194,11729,15
151700000088,17211,11721,15
151700000088,17211,11722,15
151660000240,17215,11713,15
151660000232,17216,11713,15
151660000257,17215,11713,15
151660000257,17216,11713,15
151820000283,17207,11718,15
151820000283,17208,11718,15
152500000026,17213,11718,15
152500000026,17213,11719,15
150090000009,17209,11716,15
150090000018,17209,11715,15
150090000018,17210,11715,15
151460004981,17215,11724,15
151460004981,17214,11724,15
151460004977,17214,11724,15
151460003114,17218,11734,15
151460003114,17217,11733,15
151460003114,17217,11734,15
151460003114,17218,11733,15
151460003047,17218,11734,15
151460003047,17218,11735,15
151460003047,17219,11734,15
151460003047,17219,11735,15
151500000002,17198,11742,15
151500000002,17199,11741,15
151500000002,17199,11742,15
151500000002,17198,11741,15
151840000006,17192,11730,15
151840000006,17192,11731,15
151400000039,17233,11742,15
151400000039,17232,11741,15
151400000039,17232,11742,15
151400000039,17233,11741,15
151660000261,17217,11715,15
151660000348,17217,11715,15
151660000271,17217,11715,15
151660000262,17217,11715,15
150090000101,17210,11717,15
150090000065,17210,11716,15
150090000065,17210,11717,15
150090000065,17209,11716,15
150090000065,17209,11717,15
152500000034,17213,11719,15
152500000024,17213,11718,15
152500000024,17214,11718,15
150090000100,17210,11717,15
152060000027,17212,11712,15
151700000034,17208,11720,15
151700000040,17209,11720,15
151700000073,17211,11721,15
151700000020,17211,11721,15
150090000007,17210,11717,15
150090000007,17209,11717,15
152500000035,17212,11719,15
152500000035,17213,11719,15
152060000005,17213,11712,15
152060000005,17213,11713,15
152060000005,17214,11712,15
152060000005,17214,11713,15
150860000035,17217,11716,15
150860000046,17217,11716,15
150860000036,17217,11715,15
150860000036,17217,11716,15
150860000027,17217,11716,15
150860000037,17217,11716,15
150860000038,17216,11716,15
150860000038,17217,11716,15
151660000272,17217,11715,15
151660000011,17218,11713,15
151660000011,17218,11714,15
151660000011,17219,11713,15
151660000011,17219,11714,15
151660000084,17217,11714,15
151660000019,17217,11713,15
151660000111,17217,11714,15
151660000111,17217,11715,15
151660000111,17218,11714,15
151660000111,17218,11715,15
151660000203,17216,11713,15
151660000214,17217,11714,15
151660000214,17217,11715,15
151660000026,17218,11714,15
152110000140,17207,11725,15
152110000140,17208,11725,15
152110000037,17208,11726,15
152110000014,17208,11724,15
152110000014,17208,11725,15
152110000083,17208,11725,15
152110000025,17209,11726,15
152110000052,17208,11724,15
152110000007,17207,11724,15
152110000007,17208,11724,15
152110000109,17209,11726,15
152110000109,17208,11726,15
151460004489,17213,11724,15
151700000037,17208,11721,15
151700000037,17209,11720,15
151700000037,17209,11721,15
151700000037,17208,11720,15
152210000008,17249,11708,15
151780000015,17246,11721,15
152370000005,17237,11723,15
151460004980,17215,11724,15
151460004980,17214,11724,15
152110000091,17208,11724,15
152110000091,17208,11725,15
152110000124,17209,11727,15
152110000124,17210,11727,15
152110000120,17209,11727,15
152110000125,17209,11727,15
152110000125,17210,11727,15
152010000007,17197,11711,15
152010000007,17197,11712,15
152010000007,17198,11711,15
152010000007,17198,11712,15
150410000019,17192,11715,15
150410000019,17192,11716,15
150410000019,17191,11715,15
150410000019,17191,11716,15
151700000015,17211,11721,15
151700000023,17211,11721,15
151700000075,17211,11721,15
151700000031,17208,11720,15
151700000029,17209,11720,15
151700000029,17208,11720,15
150090000066,17210,11716,15
150090000066,17210,11717,15
150090000031,17208,11716,15
150090000031,17208,11715,15
150090000097,17208,11715,15
151720000011,17238,11716,15
151720000011,17238,11717,15
151720000011,17239,11716,15
151720000011,17239,11717,15
151720000008,17238,11716,15
151720000008,17238,11717,15
151720000002,17238,11716,15
151720000002,17238,11717,15
151720000005,17237,11715,15
151720000005,17237,11716,15
150700000035,17235,11718,15
150700000035,17236,11718,15
150700000035,17235,11719,15
150700000035,17236,11719,15
150400000007,17237,11718,15
150400000007,17237,11717,15
152370000009,17237,11723,15
152370000009,17238,11722,15
152370000009,17238,11723,15
152370000009,17237,11722,15
151220000012,17239,11724,15
151220000012,17237,11724,15
151220000012,17238,11724,15
150600000019,17236,11720,15
150600000019,17236,11721,15
152370000018,17238,11722,15
152370000018,17237,11722,15
150600000048,17235,11721,15
150600000048,17236,11721,15
152370000007,17237,11723,15
152370000007,17238,11722,15
152370000007,17238,11723,15
152370000007,17237,11722,15
152370000012,17237,11724,15
152370000012,17237,11725,15
152370000012,17238,11724,15
152370000012,17238,11725,15
150600000059,17238,11719,15
150600000059,17238,11720,15
151300000264,17190,11729,15
151300000289,17189,11728,15
151300000260,17190,11728,15
151300000260,17190,11729,15
152210000010,17248,11707,15
152210000010,17248,11708,15
152210000010,17249,11707,15
152210000010,17249,11708,15
151770000004,17247,11714,15
151770000004,17247,11715,15
151770000004,17248,11714,15
151770000004,17248,11715,15
150590000010,17249,11720,15
152240000010,17246,11727,15
151780000002,17243,11721,15
151780000002,17244,11721,15
151780000002,17244,11720,15
151780000002,17243,11720,15
151060000003,17243,11715,15
150590000074,17249,11720,15
150590000074,17249,11719,15
150590000039,17251,11722,15
150590000039,17251,11721,15
151780000013,17246,11721,15
151780000013,17246,11720,15
151080000012,17242,11718,15
151080000012,17241,11717,15
151080000012,17241,11718,15
151080000012,17242,11717,15
151780000010,17245,11720,15
151780000010,17245,11721,15
151060000002,17242,11714,15
151060000002,17242,11715,15
151060000002,17243,11714,15
151060000002,17243,11715,15
151780000009,17245,11720,15
151780000003,17244,11720,15
151780000003,17244,11721,15
150590000052,17249,11720,15
150590000052,17250,11719,15
150590000052,17250,11720,15
150590000052,17249,11719,15
151780000004,17244,11720,15
151780000014,17246,11721,15
151780000014,17247,11720,15
151780000014,17247,11721,15
151780000014,17246,11720,15
151080000032,17242,11719,15
151080000032,17242,11720,15
151420000025,17242,11723,15
151420000025,17242,11722,15
151420000026,17242,11723,15
151420000026,17242,11722,15
150590000004,17249,11720,15
150590000004,17250,11720,15
151420000024,17242,11722,15
150140000001,17245,11712,15
150140000001,17245,11713,15
150140000001,17246,11712,15
150140000001,17246,11713,15
151780000016,17246,11721,15
151780000016,17247,11721,15
150590000009,17249,11720,15
151060000018,17242,11715,15
151060000018,17243,11715,15
151420000028,17242,11723,15
150440000001,17242,11712,15
150440000001,17242,11713,15
150440000001,17241,11712,15
150440000001,17241,11713,15
150440000003,17242,11713,15
150440000003,17241,11713,15
151780000005,17244,11720,15
151780000005,17244,11721,15
151780000005,17245,11720,15
151780000005,17245,11721,15
150440000014,17242,11712,15
150440000014,17242,11713,15
150440000014,17241,11712,15
150440000014,17241,11713,15
152300000017,17250,11714,15
151780000001,17243,11721,15
151780000001,17244,11721,15
151060000020,17242,11715,15
151060000020,17242,11716,15
150140000002,17245,11712,15
150140000002,17245,11713,15
150140000002,17246,11712,15
150140000002,17246,11713,15
150440000002,17242,11712,15
150440000002,17242,11713,15
150440000002,17242,11714,15
150440000015,17242,11713,15
150440000015,17242,11714,15
150440000015,17241,11713,15
150440000015,17241,11714,15
151140000012,17245,11718,15
151140000012,17245,11719,15
151140000012,17246,11718,15
151140000012,17246,11719,15
151420000022,17241,11722,15
151420000022,17242,11722,15
150590000040,17251,11722,15
150590000040,17251,11721,15
151780000006,17244,11721,15
151140000011,17245,11719,15
151140000011,17246,11719,15
151060000001,17242,11715,15
151770000003,17247,11714,15
151770000003,17247,11715,15
151770000003,17248,11714,15
151770000003,17248,11715,15
151780000007,17244,11720,15
151780000007,17244,11721,15
151780000007,17245,11720,15
151780000007,17245,11721,15
151850000007,17233,11726,15
151850000007,17233,11727,15
151850000007,17234,11726,15
151850000007,17234,11727,15
150600000011,17239,11720,15
150600000011,17238,11720,15
152370000008,17237,11723,15
152370000008,17238,11722,15
152370000008,17238,11723,15
152370000008,17237,11722,15
150600000053,17236,11720,15
150600000053,17236,11721,15
150600000026,17239,11719,15
150600000026,17239,11720,15
150600000026,17238,11719,15
150600000026,17238,11720,15
151850000006,17233,11726,15
151850000006,17233,11727,15
151850000006,17234,11726,15
151850000006,17234,11727,15
151400000038,17233,11742,15
151400000038,17233,11741,15
151400000040,17232,11741,15
151400000040,17232,11742,15
151750000047,17231,11724,15
151750000047,17231,11725,15
152060000023,17215,11713,15
152060000023,17214,11714,15
152060000023,17215,11714,15
152060000023,17214,11713,15
152050000045,17231,11726,15
151300000237,17190,11728,15
151570000123,17215,11717,15
151570000006,17215,11718,15
151570000105,17215,11718,15
151390000012,17234,11735,15
151390000012,17233,11735,15
150600000041,17236,11719,15
151080000023,17239,11718,15
151080000023,17239,11719,15
151080000019,17239,11718,15
151080000019,17239,11719,15
150400000008,17237,11718,15
150400000008,17236,11717,15
150400000008,17236,11718,15
150400000008,17237,11717,15
150400000002,17236,11717,15
150400000002,17236,11718,15
151080000005,17239,11718,15
151080000005,17240,11718,15
151080000005,17240,11717,15
151080000005,17239,11717,15
151080000022,17239,11718,15
151080000022,17239,11719,15
151080000022,17238,11718,15
151080000022,17238,11719,15
151080000038,17239,11718,15
151080000038,17239,11719,15
150400000011,17237,11718,15
150400000011,17237,11719,15
150400000011,17236,11718,15
150400000011,17236,11719,15
151080000026,17239,11718,15
151080000026,17239,11719,15
151080000006,17239,11718,15
151080000006,17240,11718,15
151080000006,17240,11717,15
151080000006,17239,11717,15
151080000009,17240,11717,15
151080000009,17240,11718,15
150600000044,17235,11719,15
150440000008,17239,11713,15
150440000008,17239,11714,15
150440000008,17240,11713,15
150440000008,17240,11714,15
150600000036,17237,11719,15
150600000036,17236,11719,15
151720000007,17238,11716,15
151720000007,17238,11717,15
151720000007,17237,11716,15
151720000007,17237,11717,15
150440000004,17241,11713,15
150440000004,17241,11714,15
151080000018,17239,11718,15
151080000018,17239,11719,15
151080000018,17240,11718,15
151080000018,17240,11719,15
151720000006,17238,11716,15
151720000006,17237,11716,15
151720000009,17238,11717,15
151150000006,17216,11745,15
151150000005,17216,11745,15
151400000004,17232,11741,15
151400000004,17233,11741,15
150770000153,17223,11714,15
150770000237,17222,11714,15
150770000409,17221,11714,15
150770000022,17222,11715,15
150770000057,17222,11715,15
151300000230,17189,11727,15
151300000230,17189,11728,15
151300000230,17190,11728,15
151300000230,17190,11727,15
152360000004,17208,11746,15
151150000009,17217,11747,15
151150000009,17216,11746,15
151150000009,17216,11747,15
151150000009,17217,11746,15
151390000007,17233,11737,15
151390000007,17233,11736,15
151390000002,17232,11735,15
150770000363,17222,11713,15
150770000023,17222,11714,15
150770000023,17222,11715,15
150770000392,17222,11714,15
150770000392,17221,11713,15
150770000392,17221,11714,15
150770000392,17222,11713,15
150770000408,17221,11714,15
150770000217,17222,11715,15
150770000217,17221,11715,15
150770000239,17222,11714,15
150770000239,17223,11714,15
150770000141,17222,11714,15
150770000407,17222,11714,15
150770000407,17222,11715,15
150770000407,17221,11714,15
150770000407,17221,11715,15
150770000362,17222,11713,15
150770000062,17222,11714,15
150770000062,17223,11714,15
150770000139,17222,11714,15
150770000139,17222,11715,15
150770000238,17222,11714,15
150770000050,17222,11715,15
150770000149,17222,11714,15
150770000149,17223,11714,15
151300000035,17192,11727,15
151300000035,17193,11727,15
151300000168,17193,11726,15
151300000006,17192,11727,15
151300000006,17193,11727,15
151180000029,17195,11709,15
151180000029,17195,11708,15
151180000035,17195,11709,15
151180000041,17196,11709,15
151180000041,17196,11710,15
151570000060,17214,11719,15
151570000060,17215,11718,15
151570000060,17215,11719,15
151570000060,17214,11718,15
150770000241,17222,11714,15
150770000241,17223,11713,15
150770000241,17223,11714,15
150770000241,17222,11713,15
150770000367,17222,11713,15
150770000229,17222,11714,15
150770000229,17221,11714,15
150770000234,17222,11714,15
150770000383,17223,11713,15
150770000383,17223,11714,15
150770000020,17222,11715,15
150770000455,17222,11714,15
150770000455,17221,11714,15
150770000006,17222,11715,15
150770000394,17221,11713,15
150770000394,17222,11713,15
150770000304,17221,11714,15
150770000236,17222,11714,15
150770000382,17222,11714,15
150770000382,17221,11713,15
150770000382,17221,11714,15
150770000382,17222,11713,15
150770000230,17222,11714,15
150770000021,17222,11715,15
150770000368,17222,11713,15
150770000005,17222,11715,15
150770000310,17222,11714,15
150770000310,17221,11713,15
150770000310,17221,11714,15
150770000310,17222,11713,15
151300000073,17193,11727,15
151300000036,17192,11727,15
151300000036,17193,11727,15
151300000011,17192,11727,15
151300000037,17193,11727,15
151300000025,17192,11727,15
151300000041,17193,11727,15
151300000040,17193,11727,15
151300000304,17193,11727,15
151300000304,17193,11728,15
151180000073,17192,11710,15
151180000073,17193,11710,15
151180000034,17195,11709,15
151180000034,17196,11709,15
151180000085,17192,11710,15
151180000061,17194,11711,15
151180000061,17195,11710,15
151180000061,17195,11711,15
151180000061,17194,11710,15
151180000030,17195,11709,15
151180000030,17195,11708,15
151180000031,17195,11709,15
151570000103,17215,11717,15
151570000085,17214,11719,15
151570000085,17215,11718,15
151570000085,17215,11719,15
151570000085,17214,11718,15
151570000039,17215,11718,15
151570000053,17215,11718,15
151570000053,17215,11719,15
151050000018,17210,11712,15
151050000018,17210,11713,15
151050000018,17211,11712,15
151050000018,17211,11713,15
150770000316,17222,11714,15
150770000316,17222,11713,15
150770000151,17222,11714,15
150770000151,17223,11714,15
150770000142,17222,11714,15
150770000307,17222,11714,15
150770000458,17221,11714,15
150770000458,17221,11715,15
150770000060,17222,11714,15
150770000060,17222,11715,15
150770000218,17222,11714,15
150770000143,17222,11714,15
150770000306,17222,11714,15
150770000364,17222,11714,15
150770000364,17222,11713,15
150770000370,17221,11713,15
150770000370,17222,11713,15
150770000311,17222,11714,15
150770000235,17222,11714,15
151300000070,17193,11727,15
151300000002,17192,11727,15
151300000039,17193,11727,15
151300000058,17192,11727,15
151300000090,17192,11727,15
151300000080,17193,11726,15
151300000279,17192,11727,15
151300000279,17191,11727,15
151300000048,17193,11726,15
151300000048,17193,11727,15
151300000005,17192,11727,15
150020000226,17197,11735,15
150020000226,17197,11736,15
150020000203,17197,11735,15
151050000031,17209,11714,15
151050000031,17210,11714,15
151570000108,17215,11717,15
151050000019,17211,11713,15
151050000019,17210,11713,15
151050000019,17210,11714,15
151050000019,17211,11714,15
150770000308,17222,11714,15
150770000308,17222,11713,15
150770000365,17222,11713,15
150770000233,17222,11714,15
150770000219,17222,11715,15
152050000050,17228,11726,15
152050000050,17229,11726,15
150770000049,17222,11715,15
150770000216,17222,11714,15
150770000216,17222,11715,15
150770000502,17222,11714,15
150770000437,17222,11714,15
150770000437,17222,11715,15
150770000437,17221,11714,15
150770000437,17221,11715,15
150770000058,17222,11714,15
150770000058,17222,11715,15
150770000305,17222,11714,15
150770000393,17221,11713,15
150770000019,17222,11715,15
150770000231,17222,11714,15
151300000010,17192,11727,15
151300000071,17193,11727,15
151300000078,17193,11726,15
151300000013,17192,11727,15
151300000013,17193,11727,15
151300000121,17192,11726,15
151300000121,17193,11726,15
151300000027,17192,11727,15
151300000017,17192,11727,15
151300000017,17193,11727,15
151300000004,17192,11727,15
151300000004,17193,11727,15
151300000056,17192,11727,15
151300000056,17191,11727,15
150320000084,17221,11717,15
150320000084,17220,11717,15
150770000010,17222,11715,15
150770000010,17223,11715,15
150770000041,17222,11715,15
150020000228,17197,11735,15
150020000228,17197,11736,15
150740000047,17210,11730,15
150740000047,17210,11731,15
150740000047,17211,11730,15
150740000047,17211,11731,15
150550000005,17212,11747,15
150550000005,17213,11747,15
151390000008,17233,11737,15
151390000008,17233,11736,15
150820000002,17235,11737,15
150820000002,17235,11738,15
150820000002,17236,11738,15
150820000002,17236,11737,15
151950000110,17225,11735,15
151950000110,17225,11736,15
151390000014,17235,11733,15
151390000014,17234,11733,15
150740000025,17211,11729,15
150740000028,17210,11729,15
150740000028,17211,11729,15
151400000037,17233,11742,15
151400000037,17232,11741,15
151400000037,17232,11742,15
151400000037,17233,11741,15
151390000005,17232,11735,15
151390000005,17232,11736,15
151390000005,17233,11735,15
151390000005,17233,11736,15
151850000008,17234,11728,15
150740000033,17211,11729,15
150740000033,17211,11730,15
150740000003,17211,11729,15
150740000003,17212,11729,15
150740000029,17210,11729,15
150740000029,17211,11729,15
152100000005,17238,11728,15
152100000005,17238,11729,15
151390000003,17232,11735,15
151390000003,17233,11735,15
151390000004,17232,11735,15
151390000004,17233,11735,15
151400000005,17233,11740,15
151400000005,17233,11741,15
151390000006,17233,11736,15
150320000082,17221,11716,15
150320000082,17221,11717,15
150320000082,17220,11716,15
150320000082,17220,11717,15
151400000006,17232,11740,15
151400000006,17232,11741,15
151400000006,17233,11740,15
151400000006,17233,11741,15
151400000036,17232,11741,15
151400000003,17233,11741,15
151400000035,17232,11741,15
151400000035,17232,11742,15
150770000418,17222,11715,15
150770000121,17223,11716,15
150770000410,17222,11715,15
150820000001,17233,11737,15
150820000001,17233,11738,15
150820000001,17234,11737,15
150820000001,17234,11738,15
151590000023,17222,11738,15
151590000023,17222,11739,15
151590000023,17223,11738,15
151590000023,17223,11739,15
151590000038,17221,11739,15
151590000038,17222,11739,15
151400000034,17232,11741,15
151400000034,17233,11741,15
151730000008,17220,11738,15
151730000008,17220,11739,15
151730000009,17220,11739,15
151730000009,17220,11740,15
151730000020,17220,11742,15
151730000020,17220,11743,15
151730000025,17220,11742,15
151730000025,17220,11743,15
151730000025,17221,11742,15
151730000025,17221,11743,15
150150000013,17218,11741,15
151730000017,17220,11742,15
151730000017,17221,11742,15
151590000018,17222,11738,15
151590000018,17223,11738,15
151590000003,17222,11738,15
151730000019,17220,11742,15
151730000019,17220,11743,15
151730000019,17221,11742,15
151730000019,17221,11743,15
151730000012,17222,11742,15
151730000012,17221,11741,15
151730000012,17221,11742,15
151730000012,17222,11741,15
150870000004,17205,11721,15
150870000004,17205,11722,15
151730000018,17220,11742,15
151730000018,17221,11742,15
151730000011,17221,11741,15
151590000012,17222,11736,15
150500000006,17227,11744,15
150500000006,17227,11745,15
150500000006,17228,11744,15
150500000006,17228,11745,15
151300000221,17191,11728,15
151300000221,17190,11728,15
150870000003,17205,11721,15
150870000003,17205,11722,15
150870000003,17204,11721,15
150870000003,17204,11722,15
150870000009,17205,11721,15
150870000009,17203,11722,15
150870000009,17204,11723,15
150870000009,17203,11721,15
150870000009,17205,11723,15
150870000009,17203,11723,15
150870000009,17204,11722,15
150870000009,17205,11722,15
150870000009,17204,11721,15
150870000012,17205,11722,15
150870000012,17206,11722,15
150870000012,17205,11723,15
150870000012,17206,11723,15
151590000006,17223,11738,15
151730000021,17220,11743,15
151730000021,17219,11743,15
151730000022,17220,11743,15
151730000022,17220,11744,15
151150000010,17218,11747,15
151150000010,17218,11748,15
152020000003,17237,11746,15
152020000003,17237,11747,15
152020000003,17236,11746,15
152020000003,17236,11747,15
151180000022,17195,11709,15
151180000022,17195,11710,15
151180000022,17194,11709,15
151180000022,17194,11710,15
150270000047,17212,11717,15
150270000043,17215,11716,15
151570000125,17215,11717,15
152060000011,17214,11714,15
152060000011,17213,11713,15
152060000011,17213,11714,15
152060000011,17214,11713,15
150770000046,17222,11715,15
151570000002,17215,11718,15
151570000002,17216,11718,15
150770000109,17223,11715,15
150770000109,17223,11716,15
150770000003,17222,11715,15
150770000004,17222,11715,15
150770000018,17222,11715,15
150270000046,17216,11716,15
150320000087,17221,11717,15
150320000087,17220,11717,15
150770000012,17222,11715,15
150770000002,17222,11715,15
150770000009,17223,11715,15
150770000184,17224,11716,15
150770000184,17223,11715,15
150770000184,17223,11716,15
150770000184,17224,11715,15
150770000122,17223,11716,15
151460002737,17224,11733,15
151460002737,17225,11733,15
150770000398,17222,11715,15
150770000398,17223,11715,15
150320000089,17221,11717,15
150320000089,17220,11717,15
150320000094,17221,11717,15
151300000069,17193,11727,15
151300000069,17193,11728,15
151300000223,17191,11729,15
151300000223,17190,11729,15
151460003283,17215,11730,15
151300000220,17191,11728,15
151300000220,17190,11728,15
151890000149,17217,11736,15
151890000149,17217,11735,15
151570000003,17215,11718,15
151570000003,17216,11718,15
151570000041,17215,11718,15
151050000028,17209,11713,15
151050000028,17209,11714,15
151570000066,17215,11718,15
151570000066,17215,11719,15
150770000045,17222,11715,15
150770000045,17221,11715,15
150770000017,17222,11715,15
150770000038,17222,11715,15
150770000038,17222,11716,15
150770000179,17224,11716,15
150770000179,17224,11715,15
150770000401,17223,11715,15
150770000112,17223,11715,15
150770000112,17223,11716,15
151460004268,17211,11726,15
151460004442,17211,11725,15
152060000016,17215,11711,15
152060000016,17214,11711,15
152060000016,17214,11712,15
152060000016,17215,11712,15
150270000049,17211,11717,15
150270000049,17212,11717,15
150270000045,17216,11716,15
150270000045,17216,11717,15
150270000045,17215,11716,15
150270000045,17215,11717,15
151570000010,17215,11718,15
151570000088,17215,11718,15
151570000088,17215,11717,15
151570000058,17214,11719,15
151570000058,17214,11718,15
151050000029,17209,11713,15
151050000029,17209,11714,15
152060000014,17212,11713,15
152060000014,17213,11712,15
152060000014,17213,11713,15
152060000014,17212,11712,15
151050000026,17209,11713,15
151050000026,17209,11714,15
151050000026,17210,11713,15
151050000026,17210,11714,15
151570000109,17215,11718,15
151570000109,17215,11717,15
151460002738,17225,11733,15
151570000008,17215,11718,15
151570000005,17215,11718,15
151570000005,17215,11719,15
151570000082,17215,11718,15
151460002739,17224,11733,15
151460002739,17225,11733,15
151570000126,17215,11717,15
151050000023,17210,11714,15
150770000033,17223,11715,15
150770000033,17223,11716,15
150770000036,17222,11715,15
150770000036,17222,11716,15
150770000015,17222,11715,15
150770000015,17222,11716,15
150770000124,17222,11716,15
150770000124,17223,11716,15
150770000016,17222,11715,15
150770000011,17222,11715,15
150770000011,17223,11715,15
150770000035,17222,11715,15
150770000035,17223,11715,15
150770000035,17222,11716,15
150770000035,17223,11716,15
151570000032,17215,11719,15
151570000101,17215,11718,15
151570000101,17215,11717,15
151570000124,17215,11717,15
151570000120,17215,11717,15
151570000092,17215,11718,15
151570000092,17215,11717,15
151570000065,17215,11718,15
151570000119,17215,11717,15
151570000118,17214,11717,15
151570000118,17215,11717,15
151050000014,17210,11713,15
151460003040,17219,11735,15
151460005630,17217,11720,15
151460004250,17209,11728,15
151460004250,17209,11729,15
151460003285,17215,11730,15
150700000027,17233,11720,15
150700000027,17233,11719,15
150700000046,17233,11720,15
150700000028,17233,11720,15
150700000028,17232,11719,15
150700000028,17232,11720,15
150700000028,17233,11719,15
151460001275,17226,11720,15
151460001275,17226,11721,15
151460003065,17218,11735,15
151460003060,17218,11735,15
151460003060,17219,11735,15
151460003067,17218,11734,15
151460003067,17218,11735,15
150620000018,17183,11716,15
150620000018,17184,11715,15
150620000018,17184,11716,15
150620000018,17183,11715,15
151830000004,17182,11719,15
151830000004,17182,11720,15
151830000004,17183,11719,15
151830000004,17183,11720,15
150700000030,17231,11719,15
150700000030,17231,11720,15
150700000030,17232,11719,15
150700000030,17232,11720,15
151460005189,17215,11720,15
151460006047,17220,11719,15
151460006047,17220,11720,15
151460006047,17221,11719,15
151460006047,17221,11720,15
152060000015,17213,11711,15
152060000015,17213,11712,15
152060000015,17214,11711,15
152060000015,17214,11712,15
151050000021,17210,11713,15
150270000044,17216,11716,15
150270000044,17215,11716,15
151460003057,17218,11734,15
151460003057,17218,11735,15
151460003222,17217,11732,15
151400000033,17232,11741,15
151400000033,17233,11741,15
151390000001,17232,11735,15
151460004777,17216,11722,15
151460004777,17217,11722,15
151460005063,17212,11723,15
151460005194,17215,11720,15
151460004232,17209,11728,15
151460004232,17209,11729,15
151460006078,17209,11729,15
151460004233,17209,11728,15
151460004233,17209,11729,15
151460005187,17215,11719,15
151460005187,17215,11720,15
151460004774,17216,11722,15
151460003208,17217,11731,15
151460003208,17217,11732,15
151460003208,17216,11731,15
151460003208,17216,11732,15
151660000226,17216,11713,15
151660000226,17216,11714,15
151660000210,17217,11714,15
151660000210,17216,11714,15
151660000007,17218,11713,15
151660000020,17217,11714,15
151660000020,17217,11713,15
151660000087,17217,11714,15
151660000087,17218,11714,15
151660000295,17220,11713,15
151660000295,17221,11713,15
151660000296,17220,11713,15
151660000296,17221,11713,15
151660000293,17220,11713,15
151660000293,17221,11713,15
151660000294,17220,11713,15
151460003062,17218,11735,15
151460003113,17218,11734,15
151460003113,17217,11733,15
151460003113,17217,11734,15
151460003113,17218,11733,15
151460003059,17218,11735,15
151460004771,17216,11722,15
151460006077,17209,11728,15
151460006077,17209,11729,15
151460003290,17215,11730,15
151710000120,17231,11730,15
151710000120,17231,11731,15
151460001258,17225,11720,15
151460003227,17217,11732,15
151660000082,17217,11714,15
151660000008,17218,11713,15
151660000114,17217,11714,15
151660000114,17217,11715,15
151660000060,17218,11712,15
151660000060,17218,11713,15
151660000014,17218,11713,15
151660000044,17217,11714,15
151660000044,17218,11714,15
151820000322,17207,11718,15
151820000322,17208,11717,15
151820000322,17208,11718,15
151820000322,17207,11717,15
151820000201,17208,11717,15
151820000201,17208,11718,15
151660000201,17216,11713,15
151660000004,17218,11713,15
151660000004,17217,11713,15
151660000064,17218,11712,15
151660000053,17218,11713,15
151660000001,17218,11713,15
151660000129,17216,11713,15
151660000129,17217,11713,15
151660000080,17217,11714,15
151660000080,17217,11713,15
151660000184,17218,11712,15
151660000346,17216,11713,15
151460004776,17216,11722,15
151460002844,17221,11735,15
151460002844,17221,11736,15
151460002843,17221,11735,15
151460002842,17221,11735,15
151460002842,17221,11736,15
151460002842,17222,11735,15
151460002842,17222,11736,15
151460002824,17222,11732,15
151460002825,17222,11732,15
151460002845,17221,11735,15
151460002845,17222,11735,15
151460003112,17218,11734,15
151460003112,17218,11733,15
151460003064,17218,11735,15
151460003223,17217,11732,15
151460003066,17218,11734,15
151460003066,17218,11735,15
151460003229,17217,11732,15
151460003063,17218,11735,15
151460003068,17218,11734,15
151460003068,17218,11735,15
150700000050,17232,11720,15
150700000029,17232,11720,15
150700000011,17232,11719,15
150700000011,17232,11720,15
152050000042,17230,11723,15
151460003249,17216,11731,15
151460003249,17216,11732,15
151660000220,17217,11714,15
151660000220,17216,11714,15
151660000286,17219,11714,15
151660000015,17218,11713,15
151660000117,17217,11714,15
151660000027,17218,11714,15
151660000027,17219,11714,15
151660000024,17218,11714,15
151660000200,17216,11712,15
151660000200,17216,11713,15
151660000116,17217,11714,15
151660000121,17217,11714,15
151660000375,17216,11713,15
151890000102,17219,11738,15
151710000109,17230,11732,15
151710000109,17229,11732,15
151950000107,17230,11737,15
151460003226,17217,11732,15
151460003226,17216,11732,15
151950000090,17230,11737,15
151950000090,17230,11738,15
151950000090,17231,11737,15
151950000090,17231,11738,15
151710000020,17230,11732,15
151710000020,17229,11732,15
151460001266,17226,11720,15
151460001266,17226,11721,15
151660000025,17218,11714,15
151660000113,17217,11714,15
151660000113,17217,11715,15
151660000079,17217,11714,15
151660000079,17217,11713,15
151660000081,17217,11714,15
151660000081,17217,11713,15
151660000055,17218,11713,15
151660000115,17217,11714,15
151660000115,17217,11715,15
151660000289,17220,11713,15
151660000289,17220,11714,15
151660000289,17219,11713,15
151660000289,17219,11714,15
151660000021,17217,11714,15
151660000021,17218,11713,15
151660000021,17218,11714,15
151660000021,17217,11713,15
151660000028,17218,11714,15
151660000028,17219,11714,15
151660000159,17216,11711,15
151660000159,17216,11712,15
151460001265,17226,11720,15
150850000055,17195,11727,15
150850000055,17196,11727,15
150990000014,17191,11712,15
150990000014,17191,11713,15
150990000014,17190,11712,15
150990000014,17190,11713,15
152370000031,17238,11722,15
152370000031,17238,11723,15
152370000030,17237,11723,15
152370000030,17238,11723,15
150990000016,17191,11712,15
150990000016,17190,11715,15
150990000016,17192,11712,15
150990000016,17191,11715,15
150990000016,17192,11715,15
150990000016,17190,11714,15
150990000016,17191,11714,15
150990000016,17192,11714,15
150990000016,17192,11713,15
150990000016,17190,11713,15
150990000016,17191,11713,15
150990000016,17190,11712,15
150990000018,17190,11714,15
150990000018,17190,11713,15
150990000018,17189,11713,15
150990000018,17189,11714,15
150990000017,17190,11713,15
150120000115,17202,11723,15
150120000115,17202,11722,15
151580000063,17210,11743,15
151950000118,17224,11736,15
151950000118,17225,11736,15
151030000151,17208,11734,15
152110000153,17209,11726,15
150860000049,17216,11716,15
150860000049,17216,11717,15
150860000049,17217,11716,15
150860000049,17217,11717,15
151840000047,17192,11732,15
151840000047,17192,11733,15
151460004978,17214,11724,15
151460004130,17215,11726,15
151750000113,17231,11726,15
151750000113,17232,11726,15
151080000045,17238,11719,15
151060000025,17243,11715,15
150440000018,17242,11713,15
150440000018,17242,11714,15
150440000018,17241,11713,15
150440000018,17241,11714,15
150140000012,17246,11712,15
151720000033,17236,11716,15
151720000033,17237,11716,15
150590000086,17249,11720,15
150590000086,17249,11719,15
150700000001,17233,11719,15
150700000026,17234,11719,15
150700000026,17233,11719,15
150700000005,17232,11719,15
150700000005,17233,11719,15
151460004037,17214,11726,15
151460004133,17215,11726,15
151060000027,17242,11715,15
151060000027,17243,11715,15
151060000028,17243,11716,15
151060000028,17242,11715,15
151060000028,17242,11716,15
151060000028,17243,11715,15
151060000024,17242,11715,15
151590000044,17223,11738,15
151590000046,17221,11739,15
151590000046,17221,11738,15
151590000045,17222,11737,15
151590000045,17222,11738,15
151590000045,17223,11737,15
151590000045,17223,11738,15
151710000159,17233,11729,15
151710000159,17233,11730,15
150500000014,17226,11743,15
151920000020,17226,11732,15
151460000116,17220,11726,15
151460000116,17219,11726,15
151180000017,17195,11710,15
150020000295,17194,11734,15
150860000013,17217,11717,15
151820000111,17207,11718,15
151820000111,17207,11719,15
151730000013,17221,11741,15
151730000013,17221,11742,15
151540000001,17200,11715,15
151540000001,17201,11715,15
150980000024,17220,11714,15
150980000024,17220,11715,15
150980000024,17220,11716,15
151310000001,17185,11712,15
151310000001,17184,11711,15
151310000001,17184,11712,15
151310000001,17185,11711,15
150720000007,17198,11710,15
152090000083,17223,11718,15
151160000131,17205,11713,15
151160000131,17205,11714,15
151750000032,17233,11722,15
151880000002,17204,11741,15
151880000002,17204,11742,15
151880000002,17205,11741,15
151880000002,17205,11742,15
151950000061,17228,11735,15
152190000003,17248,11712,15
152190000003,17248,11711,15
152190000003,17247,11711,15
152190000003,17247,11712,15
151890000129,17218,11736,15
150740000017,17212,11730,15
150190000004,17187,11725,15
150190000004,17187,11726,15
150190000004,17186,11725,15
150190000004,17186,11726,15
151400000011,17232,11740,15
151400000011,17233,11740,15
151920000049,17224,11735,15
151570000080,17214,11718,15
150140000003,17245,11712,15
150140000003,17245,11713,15
152470000024,17213,11739,15
152470000024,17213,11740,15
151660000146,17217,11712,15
150270000013,17213,11716,15
150270000013,17212,11716,15
151030000028,17206,11735,15
152060000021,17216,11712,15
152060000021,17215,11712,15
150090000071,17209,11715,15
150090000071,17210,11715,15
152300000005,17251,11712,15
152300000005,17250,11712,15
150070000010,17188,11717,15
150070000010,17188,11718,15
152010000006,17197,11711,15
152010000006,17197,11712,15
152010000006,17198,11711,15
152010000006,17198,11712,15
151710000012,17231,11731,15
151710000012,17231,11732,15
150110000018,17215,11735,15
150160000003,17243,11717,15
150810000230,17229,11719,15
150320000100,17221,11718,15
150870000008,17203,11722,15
150870000008,17204,11723,15
150870000008,17205,11723,15
150870000008,17203,11723,15
150870000008,17204,11722,15
150870000008,17205,11722,15
152260000009,17179,11719,15
152260000009,17179,11718,15
151790000010,17205,11721,15
151790000010,17204,11721,15
150360000036,17213,11733,15
150360000036,17214,11733,15
151680000025,17198,11717,15
151680000025,17198,11718,15
150100000010,17197,11721,15
150100000010,17197,11722,15
150600000047,17236,11720,15
151910000007,17248,11763,15
151910000007,17248,11764,15
151640000006,17192,11722,15
151640000006,17193,11722,15
151640000006,17194,11722,15
151420000016,17242,11721,15
151420000016,17242,11722,15
150460000013,17195,11714,15
150460000013,17194,11713,15
150460000013,17194,11714,15
150460000013,17195,11713,15
150580000001,17193,11719,15
150580000001,17193,11720,15
150580000001,17194,11719,15
150580000001,17194,11720,15
151140000002,17246,11717,15
152430000059,17198,11724,15
150510000005,17233,11715,15
150510000005,17233,11716,15
150510000005,17234,11715,15
150510000005,17234,11716,15
150150000009,17218,11740,15
150150000009,17218,11741,15
150150000009,17217,11740,15
150150000009,17217,11741,15
152370000003,17237,11723,15
152370000003,17236,11723,15
150930000078,17213,11731,15
151220000001,17240,11724,15
151220000001,17240,11725,15
152200000030,17208,11732,15
150050000002,17197,11732,15
150050000002,17197,11733,15
152420000111,17228,11719,15
150770000248,17224,11716,15
151760000021,17201,11718,15
151390000010,17231,11733,15
151700000011,17209,11721,15
151700000011,17210,11721,15
150590000016,17250,11718,15
150590000016,17250,11719,15
150590000016,17249,11718,15
150590000016,17249,11719,15
152110000141,17207,11723,15
152110000141,17206,11723,15
150850000009,17195,11726,15
150850000009,17195,11727,15
151590000001,17222,11738,15
152490000008,17183,11712,15
152490000008,17184,11712,15
150780000003,17201,11730,15
150780000003,17201,11729,15
152350000003,17201,11736,15
152350000003,17201,11737,15
152050000047,17230,11726,15
152050000047,17230,11727,15
152050000047,17231,11726,15
152050000047,17231,11727,15
152500000027,17214,11719,15
152500000027,17213,11719,15
151250000007,17223,11741,15
151510000001,17201,11750,15
151510000001,17202,11750,15
152130000005,17210,11707,15
151120000002,17203,11738,15
151120000002,17203,11739,15
150240000036,17212,11744,15
150620000017,17182,11714,15
150620000017,17182,11715,15
150620000017,17183,11714,15
150620000017,17183,11715,15
151690000017,17239,11732,15
151690000017,17239,11733,15
151690000017,17240,11732,15
151690000017,17240,11733,15
151720000001,17238,11715,15
151720000001,17238,11716,15
151720000001,17237,11715,15
151720000001,17237,11716,15
152100000029,17238,11731,15
150120000057,17203,11725,15
152360000003,17210,11745,15
152360000003,17209,11744,15
152360000003,17209,11745,15
152360000003,17210,11744,15
150760000091,17209,11709,15
150760000091,17209,11710,15
150760000091,17210,11709,15
150760000091,17210,11710,15
152240000002,17245,11724,15
152240000002,17245,11725,15
152240000002,17246,11724,15
152240000002,17246,11725,15
150260000002,17187,11726,15
150260000002,17187,11727,15
150260000002,17188,11726,15
150260000002,17188,11727,15
150400000003,17237,11718,15
150400000003,17237,11719,15
150400000003,17236,11718,15
150400000003,17236,11719,15
150380000002,17185,11717,15
150380000002,17185,11716,15
152290000002,17202,11718,15
152290000002,17202,11719,15
152290000002,17203,11718,15
152290000002,17203,11719,15
151580000015,17209,11741,15
151940000001,17194,11712,15
151940000001,17194,11713,15
151670000006,17235,11731,15
152210000004,17249,11709,15
152210000004,17250,11708,15
152210000004,17250,11709,15
152210000004,17249,11708,15
150500000002,17228,11743,15
150500000002,17227,11743,15
150700000061,17231,11720,15
150700000061,17232,11720,15
150700000061,17231,11721,15
150700000061,17232,11721,15
150410000022,17189,11715,15
150410000022,17189,11716,15
150410000022,17190,11716,15
150410000022,17190,11715,15
151810000025,17196,11706,15
151810000025,17197,11705,15
151810000025,17197,11706,15
151810000025,17196,11705,15
151080000024,17239,11718,15
151080000024,17239,11719,15
151050000004,17210,11712,15
151050000004,17208,11712,15
151050000004,17209,11712,15
151360000001,17245,11713,15
151360000001,17245,11714,15
151850000013,17233,11726,15
151850000013,17234,11726,15
150960000003,17186,11721,15
152440000005,17234,11740,15
152440000005,17234,11741,15
151340000003,17191,11724,15
151340000003,17190,11724,15
151150000039,17215,11745,15
151060000004,17242,11715,15
151060000004,17242,11716,15
151130000015,17189,11721,15
151130000015,17189,11722,15
151130000015,17190,11721,15
151130000015,17190,11722,15
150350000001,17205,11744,15
150350000001,17203,11744,15
150350000001,17204,11745,15
150350000001,17205,11745,15
150350000001,17203,11745,15
150350000001,17204,11744,15
150970000016,17205,11729,15
150970000016,17206,11729,15
150710000001,17233,11744,15
150710000001,17234,11744,15
152040000012,17200,11724,15
151770000001,17248,11712,15
151770000001,17248,11713,15
151770000001,17249,11712,15
151770000001,17249,11713,15
151100000003,17249,11710,15
151100000003,17249,11711,15
151100000003,17248,11710,15
151100000003,17248,11711,15
152020000002,17235,11744,15
152020000002,17235,11745,15
152020000002,17234,11744,15
152020000002,17234,11745,15
150550000020,17211,11745,15
150550000020,17211,11746,15
150550000020,17212,11745,15
150550000020,17212,11746,15
152220000002,17237,11734,15
152220000002,17238,11733,15
152220000002,17238,11734,15
152220000002,17237,11733,15
150420000001,17205,11744,15
150420000001,17205,11745,15
150420000001,17204,11744,15
150420000001,17204,11745,15
152480000008,17193,11713,15
152480000008,17193,11714,15
152480000008,17192,11713,15
152480000008,17192,11714,15
151780000012,17247,11720,15
151780000012,17246,11720,15
150440000005,17241,11713,15
151440000001,17189,11722,15
151440000001,17190,11722,15
152000000002,17196,11724,15
152000000002,17196,11725,15
152000000002,17195,11724,15
152000000002,17195,11725,15
151010000001,17235,11738,15
151010000001,17235,11739,15
151010000001,17236,11739,15
151010000001,17236,11738,15
152460000001,17201,11737,15
152460000001,17201,11738,15
152460000001,17202,11737,15
152460000001,17202,11738,15
151460002632,17221,11729,15
151820000061,17206,11718,15
151460003311,17217,11730,15
151460003341,17217,11730,15
151460003836,17217,11727,15
151820000049,17206,11718,15
151460000803,17222,11722,15
151460000803,17222,11723,15
151820000053,17206,11717,15
151820000053,17206,11718,15
150320000042,17219,11717,15
150320000042,17219,11718,15
150320000042,17220,11717,15
150320000042,17220,11718,15
151460002677,17219,11729,15
152200000015,17209,11732,15
151460002882,17221,11730,15
151460004715,17216,11724,15
151460004715,17216,11725,15
151460001213,17223,11720,15
150400000009,17237,11718,15
150400000009,17236,11718,15
151460003080,17218,11734,15
151460003080,17218,11733,15
151140000010,17246,11717,15
151140000010,17246,11718,15
151460002766,17222,11731,15
151460002766,17222,11730,15
151460001527,17222,11726,15
151460006019,17222,11720,15
151460006019,17222,11721,15
151950000031,17229,11736,15
151460002001,17222,11727,15
151460005659,17217,11719,15
151460005659,17218,11719,15
151910000006,17247,11763,15
151910000006,17247,11762,15
151310000007,17186,11712,15
151310000007,17186,11713,15
151460005385,17219,11723,15
151460005385,17220,11723,15
