tile_x,tile_y,zoom
17179,11718,15
17179,11719,15
17181,11718,15
17181,11719,15
17182,11712,15
17182,11713,15
17182,11714,15
17182,11715,15
17182,11718,15
17182,11719,15
17182,11720,15
17183,11712,15
17183,11713,15
17183,11714,15
17183,11715,15
17183,11716,15
17183,11719,15
17183,11720,15
17184,11711,15
17184,11712,15
17184,11715,15
17184,11716,15
17185,11711,15
17185,11712,15
17185,11716,15
17185,11717,15
17185,11721,15
17185,11722,15
17185,11723,15
17186,11712,15
17186,11713,15
17186,11715,15
17186,11716,15
17186,11721,15
17186,11722,15
17186,11723,15
17186,11725,15
17186,11726,15
17187,11721,15
17187,11722,15
17187,11723,15
17187,11725,15
17187,11726,15
17187,11727,15
17188,11717,15
17188,11718,15
17188,11719,15
17188,11720,15
17188,11726,15
17188,11727,15
17188,11728,15
17189,11713,15
17189,11714,15
17189,11715,15
17189,11716,15
17189,11719,15
17189,11720,15
17189,11721,15
17189,11722,15
17189,11723,15
17189,11727,15
17189,11728,15
17190,11712,15
17190,11713,15
17190,11714,15
17190,11715,15
17190,11716,15
17190,11721,15
17190,11722,15
17190,11723,15
17190,11724,15
17190,11727,15
17190,11728,15
17190,11729,15
17190,11730,15
17191,11712,15
17191,11713,15
17191,11714,15
17191,11715,15
17191,11716,15
17191,11717,15
17191,11718,15
17191,11724,15
17191,11727,15
17191,11728,15
17191,11729,15
17192,11710,15
17192,11712,15
17192,11713,15
17192,11714,15
17192,11715,15
17192,11716,15
17192,11717,15
17192,11718,15
17192,11722,15
17192,11726,15
17192,11727,15
17192,11729,15
17192,11730,15
17192,11731,15
17192,11732,15
17192,11733,15
17193,11710,15
17193,11713,15
17193,11714,15
17193,11715,15
17193,11716,15
17193,11717,15
17193,11718,15
17193,11719,15
17193,11720,15
17193,11722,15
17193,11726,15
17193,11727,15
17193,11728,15
17193,11729,15
17193,11730,15
17193,11731,15
17194,11709,15
17194,11710,15
17194,11711,15
17194,11712,15
17194,11713,15
17194,11714,15
17194,11715,15
17194,11716,15
17194,11717,15
17194,11719,15
17194,11720,15
17194,11722,15
17194,11729,15
17194,11730,15
17194,11732,15
17194,11733,15
17194,11734,15
17194,11741,15
17195,11708,15
17195,11709,15
17195,11710,15
17195,11711,15
17195,11713,15
17195,11714,15
17195,11723,15
17195,11724,15
17195,11725,15
17195,11726,15
17195,11727,15
17195,11732,15
17195,11733,15
17195,11739,15
17195,11740,15
17195,11741,15
17196,11705,15
17196,11706,15
17196,11709,15
17196,11710,15
17196,11712,15
17196,11723,15
17196,11724,15
17196,11725,15
17196,11727,15
17196,11739,15
17196,11740,15
17197,11705,15
17197,11706,15
17197,11707,15
17197,11711,15
17197,11712,15
17197,11721,15
17197,11722,15
17197,11727,15
17197,11728,15
17197,11732,15
17197,11733,15
17197,11735,15
17197,11736,15
17198,11706,15
17198,11707,15
17198,11708,15
17198,11710,15
17198,11711,15
17198,11712,15
17198,11717,15
17198,11718,15
17198,11724,15
17198,11725,15
17198,11727,15
17198,11728,15
17198,11730,15
17198,11739,15
17198,11741,15
17198,11742,15
17199,11710,15
17199,11711,15
17199,11723,15
17199,11724,15
17199,11725,15
17199,11731,15
17199,11732,15
17199,11739,15
17199,11741,15
17199,11742,15
17199,11746,15
17199,11747,15
17200,11710,15
17200,11711,15
17200,11712,15
17200,11713,15
17200,11715,15
17200,11723,15
17200,11724,15
17200,11731,15
17200,11732,15
17200,11745,15
17200,11746,15
17200,11747,15
17201,11712,15
17201,11713,15
17201,11715,15
17201,11718,15
17201,11719,15
17201,11720,15
17201,11721,15
17201,11724,15
17201,11729,15
17201,11730,15
17201,11735,15
17201,11736,15
17201,11737,15
17201,11738,15
17201,11750,15
17202,11714,15
17202,11715,15
17202,11718,15
17202,11719,15
17202,11720,15
17202,11721,15
17202,11722,15
17202,11723,15
17202,11724,15
17202,11725,15
17202,11726,15
17202,11737,15
17202,11738,15
17202,11750,15
17203,11714,15
17203,11715,15
17203,11718,15
17203,11719,15
17203,11721,15
17203,11722,15
17203,11723,15
17203,11725,15
17203,11738,15
17203,11739,15
17203,11744,15
17203,11745,15
17204,11721,15
17204,11722,15
17204,11723,15
17204,11733,15
17204,11741,15
17204,11742,15
17204,11744,15
17204,11745,15
17205,11713,15
17205,11714,15
17205,11721,15
17205,11722,15
17205,11723,15
17205,11729,15
17205,11734,15
17205,11737,15
17205,11738,15
17205,11741,15
17205,11742,15
17205,11744,15
17205,11745,15
17206,11717,15
17206,11718,15
17206,11722,15
17206,11723,15
17206,11727,15
17206,11728,15
17206,11729,15
17206,11734,15
17206,11735,15
17206,11737,15
17207,11717,15
17207,11718,15
17207,11719,15
17207,11720,15
17207,11722,15
17207,11723,15
17207,11724,15
17207,11725,15
17207,11727,15
17207,11728,15
17207,11733,15
17207,11737,15
17207,11744,15
17208,11712,15
17208,11715,15
17208,11716,15
17208,11717,15
17208,11718,15
17208,11720,15
17208,11721,15
17208,11724,15
17208,11725,15
17208,11726,15
17208,11732,15
17208,11733,15
17208,11734,15
17208,11746,15
17209,11709,15
17209,11710,15
17209,11712,15
17209,11713,15
17209,11714,15
17209,11715,15
17209,11716,15
17209,11717,15
17209,11720,15
17209,11721,15
17209,11726,15
17209,11727,15
17209,11728,15
17209,11729,15
17209,11732,15
17209,11741,15
17209,11744,15
17209,11745,15
17210,11707,15
17210,11709,15
17210,11710,15
17210,11712,15
17210,11713,15
17210,11714,15
17210,11715,15
17210,11716,15
17210,11717,15
17210,11721,15
17210,11725,15
17210,11726,15
17210,11727,15
17210,11728,15
17210,11729,15
17210,11730,15
17210,11731,15
17210,11743,15
17210,11744,15
17210,11745,15
17211,11707,15
17211,11708,15
17211,11709,15
17211,11712,15
17211,11713,15
17211,11714,15
17211,11717,15
17211,11721,15
17211,11722,15
17211,11725,15
17211,11726,15
17211,11727,15
17211,11729,15
17211,11730,15
17211,11731,15
17211,11745,15
17211,11746,15
17212,11708,15
17212,11709,15
17212,11712,15
17212,11713,15
17212,11716,15
17212,11717,15
17212,11719,15
17212,11723,15
17212,11729,15
17212,11730,15
17212,11744,15
17212,11745,15
17212,11746,15
17212,11747,15
17213,11711,15
17213,11712,15
17213,11713,15
17213,11714,15
17213,11716,15
17213,11718,15
17213,11719,15
17213,11724,15
17213,11725,15
17213,11731,15
17213,11733,15
17213,11737,15
17213,11739,15
17213,11740,15
17213,11747,15
17214,11711,15
17214,11712,15
17214,11713,15
17214,11714,15
17214,11717,15
17214,11718,15
17214,11719,15
17214,11723,15
17214,11724,15
17214,11725,15
17214,11726,15
17214,11733,15
17215,11711,15
17215,11712,15
17215,11713,15
17215,11714,15
17215,11716,15
17215,11717,15
17215,11718,15
17215,11719,15
17215,11720,15
17215,11724,15
17215,11726,15
17215,11730,15
17215,11735,15
17215,11745,15
17216,11711,15
17216,11712,15
17216,11713,15
17216,11714,15
17216,11716,15
17216,11717,15
17216,11718,15
17216,11722,15
17216,11724,15
17216,11725,15
17216,11731,15
17216,11732,15
17216,11745,15
17216,11746,15
17216,11747,15
17217,11711,15
17217,11712,15
17217,11713,15
17217,11714,15
17217,11715,15
17217,11716,15
17217,11717,15
17217,11719,15
17217,11720,15
17217,11722,15
17217,11727,15
17217,11730,15
17217,11731,15
17217,11732,15
17217,11733,15
17217,11734,15
17217,11735,15
17217,11736,15
17217,11737,15
17217,11740,15
17217,11741,15
17217,11746,15
17217,11747,15
17218,11712,15
17218,11713,15
17218,11714,15
17218,11715,15
17218,11719,15
17218,11733,15
17218,11734,15
17218,11735,15
17218,11736,15
17218,11740,15
17218,11741,15
17218,11747,15
17218,11748,15
17219,11713,15
17219,11714,15
17219,11717,15
17219,11718,15
17219,11723,15
17219,11726,15
17219,11729,15
17219,11734,15
17219,11735,15
17219,11738,15
17219,11743,15
17220,11713,15
17220,11714,15
17220,11715,15
17220,11716,15
17220,11717,15
17220,11718,15
17220,11719,15
17220,11720,15
17220,11723,15
17220,11726,15
17220,11738,15
17220,11739,15
17220,11740,15
17220,11742,15
17220,11743,15
17220,11744,15
17221,11713,15
17221,11714,15
17221,11715,15
17221,11716,15
17221,11717,15
17221,11718,15
17221,11719,15
17221,11720,15
17221,11729,15
17221,11730,15
17221,11732,15
17221,11735,15
17221,11736,15
17221,11738,15
17221,11739,15
17221,11741,15
17221,11742,15
17221,11743,15
17222,11713,15
17222,11714,15
17222,11715,15
17222,11716,15
17222,11720,15
17222,11721,15
17222,11722,15
17222,11723,15
17222,11726,15
17222,11727,15
17222,11730,15
17222,11731,15
17222,11732,15
17222,11735,15
17222,11736,15
17222,11737,15
17222,11738,15
17222,11739,15
17222,11741,15
17222,11742,15
17223,11713,15
17223,11714,15
17223,11715,15
17223,11716,15
17223,11718,15
17223,11720,15
17223,11731,15
17223,11734,15
17223,11735,15
17223,11737,15
17223,11738,15
17223,11739,15
17223,11741,15
17224,11715,15
17224,11716,15
17224,11733,15
17224,11734,15
17224,11735,15
17224,11736,15
17225,11720,15
17225,11733,15
17225,11735,15
17225,11736,15
17226,11720,15
17226,11721,15
17226,11732,15
17226,11743,15
17227,11743,15
17227,11744,15
17227,11745,15
17228,11719,15
17228,11726,15
17228,11735,15
17228,11743,15
17228,11744,15
17228,11745,15
17229,11719,15
17229,11726,15
17229,11732,15
17229,11735,15
17229,11736,15
17229,11737,15
17230,11723,15
17230,11726,15
17230,11727,15
17230,11732,15
17230,11735,15
17230,11736,15
17230,11737,15
17230,11738,15
17231,11718,15
17231,11719,15
17231,11720,15
17231,11721,15
17231,11724,15
17231,11725,15
17231,11726,15
17231,11727,15
17231,11730,15
17231,11731,15
17231,11732,15
17231,11733,15
17231,11737,15
17231,11738,15
17232,11717,15
17232,11718,15
17232,11719,15
17232,11720,15
17232,11721,15
17232,11724,15
17232,11726,15
17232,11735,15
17232,11736,15
17232,11740,15
17232,11741,15
17232,11742,15
17233,11715,15
17233,11716,15
17233,11717,15
17233,11718,15
17233,11719,15
17233,11720,15
17233,11722,15
17233,11726,15
17233,11727,15
17233,11729,15
17233,11730,15
17233,11735,15
17233,11736,15
17233,11737,15
17233,11738,15
17233,11740,15
17233,11741,15
17233,11742,15
17233,11744,15
17234,11715,15
17234,11716,15
17234,11718,15
17234,11719,15
17234,11726,15
17234,11727,15
17234,11728,15
17234,11733,15
17234,11735,15
17234,11737,15
17234,11738,15
17234,11740,15
17234,11741,15
17234,11744,15
17234,11745,15
17235,11718,15
17235,11719,15
17235,11721,15
17235,11731,15
17235,11733,15
17235,11737,15
17235,11738,15
17235,11739,15
17235,11744,15
17235,11745,15
17236,11716,15
17236,11717,15
17236,11718,15
17236,11719,15
17236,11720,15
17236,11721,15
17236,11723,15
17236,11737,15
17236,11738,15
17236,11739,15
17236,11746,15
17236,11747,15
17237,11715,15
17237,11716,15
17237,11717,15
17237,11718,15
17237,11719,15
17237,11722,15
17237,11723,15
17237,11724,15
17237,11725,15
17237,11733,15
17237,11734,15
17237,11746,15
17237,11747,15
17238,11715,15
17238,11716,15
17238,11717,15
17238,11718,15
17238,11719,15
17238,11720,15
17238,11722,15
17238,11723,15
17238,11724,15
17238,11725,15
17238,11728,15
17238,11729,15
17238,11731,15
17238,11733,15
17238,11734,15
17239,11713,15
17239,11714,15
17239,11716,15
17239,11717,15
17239,11718,15
17239,11719,15
17239,11720,15
17239,11724,15
17239,11732,15
17239,11733,15
17240,11713,15
17240,11714,15
17240,11717,15
17240,11718,15
17240,11719,15
17240,11724,15
17240,11725,15
17240,11732,15
17240,11733,15
17241,11712,15
17241,11713,15
17241,11714,15
17241,11717,15
17241,11718,15
17241,11722,15
17242,11712,15
17242,11713,15
17242,11714,15
17242,11715,15
17242,11716,15
17242,11717,15
17242,11718,15
17242,11719,15
17242,11720,15
17242,11721,15
17242,11722,15
17242,11723,15
17243,11714,15
17243,11715,15
17243,11716,15
17243,11717,15
17243,11720,15
17243,11721,15
17244,11720,15
17244,11721,15
17245,11712,15
17245,11713,15
17245,11714,15
17245,11718,15
17245,11719,15
17245,11720,15
17245,11721,15
17245,11724,15
17245,11725,15
17246,11712,15
17246,11713,15
17246,11717,15
17246,11718,15
17246,11719,15
17246,11720,15
17246,11721,15
17246,11724,15
17246,11725,15
17246,11727,15
17247,11711,15
17247,11712,15
17247,11714,15
17247,11715,15
17247,11720,15
17247,11721,15
17247,11762,15
17247,11763,15
17248,11707,15
17248,11708,15
17248,11710,15
17248,11711,15
17248,11712,15
17248,11713,15
17248,11714,15
17248,11715,15
17248,11763,15
17248,11764,15
17249,11707,15
17249,11708,15
17249,11709,15
17249,11710,15
17249,11711,15
17249,11712,15
17249,11713,15
17249,11718,15
17249,11719,15
17249,11720,15
17250,11708,15
17250,11709,15
17250,11712,15
17250,11714,15
17250,11718,15
17250,11719,15
17250,11720,15
17251,11712,15
17251,11721,15
17251,11722,15
